Date,Open,High,Low,Close,Volume,Dividend
2009-11-20,14.5,17.51,14.0,14.84,19664800,0
2009-11-23,15.05,15.05,14.5,14.5,3061900,0
2009-11-24,14.54,14.6,14.25,14.6,2619800,0
2009-11-25,14.8,14.8,14.25,14.39,1740100,0
2009-11-27,14.07,14.27,13.99,14.22,608900,0
2009-11-30,14.27,14.4,13.05,13.5,2966600,0
2009-12-01,13.5,13.8,13.25,13.36,1196900,0
2009-12-02,13.59,13.83,13.37,13.49,2450000,0
2009-12-03,13.88,13.88,13.26,13.34,999500,0
2009-12-04,13.46,13.55,12.96,13.3,649800,0
2009-12-07,13.72,13.72,13.25,13.42,690800,0
2009-12-08,13.34,13.36,12.97,13.04,640800,0
2009-12-09,13.1,13.21,12.67,12.78,715100,0
2009-12-10,12.8,12.95,12.53,12.93,1413500,0
2009-12-11,13.02,13.09,12.63,12.69,819100,0
2009-12-14,12.87,13.36,12.78,13.23,1454000,0
2009-12-15,13.24,13.52,13.24,13.49,1044600,0
2009-12-16,13.67,13.69,13.31,13.47,858100,0
2009-12-17,13.38,13.93,13.28,13.75,895500,0
2009-12-18,13.9,14.55,13.71,14.55,4786500,0
2009-12-21,14.43,14.86,14.27,14.83,739400,0
2009-12-22,14.87,14.99,14.5,14.86,808900,0
2009-12-23,14.93,15.25,14.87,15.01,1027800,0
2009-12-24,14.99,15.2,14.9,15.0,122000,0
2009-12-28,15.12,15.12,14.95,15.01,263400,0
2009-12-29,15.05,15.16,14.94,15.04,579700,0
2009-12-30,14.99,15.15,14.9,15.03,401400,0
2009-12-31,15.1,15.1,14.35,14.56,335000,0
2010-01-04,14.97,15.1,14.69,14.85,549900,0
2010-01-05,14.85,15.3,14.76,15.11,958100,0
2010-01-06,15.1,16.27,15.07,16.17,1983700,0
2010-01-07,16.18,16.56,15.02,16.38,923500,0
2010-01-08,16.26,16.61,16.16,16.59,660700,0
2010-01-11,17.31,17.63,16.64,16.8,1110100,0
2010-01-12,16.94,17.2,16.61,16.78,1045400,0
2010-01-13,16.88,17.09,16.54,16.75,470500,0
2010-01-14,16.75,17.25,16.47,16.56,748600,0
2010-01-15,16.56,16.76,15.55,16.1,650500,0
2010-01-19,16.2,16.56,16.1,16.55,444000,0
2010-01-20,16.45,16.48,15.84,16.24,622400,0
2010-01-21,16.14,16.17,14.85,15.11,1394700,0
2010-01-22,14.9,15.11,14.66,14.82,620700,0
2010-01-25,15.14,15.44,14.85,15.27,319500,0
2010-01-26,14.94,15.23,14.72,14.96,775800,0
2010-01-27,14.86,15.06,13.95,14.92,582900,0
2010-01-28,14.95,15.04,14.4,14.46,298900,0
2010-01-29,14.51,14.78,13.25,13.51,572400,0
2010-02-01,13.7,14.0,13.65,13.91,401500,0
2010-02-02,13.85,14.55,13.64,14.24,494300,0
2010-02-03,14.22,14.78,14.22,14.42,254000,0
2010-02-04,14.25,14.29,13.5,13.7,409200,0
2010-02-05,13.69,14.39,13.5,14.31,361600,0
2010-02-08,14.3,14.55,13.9,14.12,263900,0
2010-02-09,14.3,14.58,14.1,14.18,554100,0
2010-02-10,14.11,14.3,13.8,14.26,227200,0
2010-02-11,14.17,14.78,14.12,14.69,392400,0
2010-02-12,14.5,15.04,14.22,14.98,574200,0
2010-02-16,15.15,15.89,15.15,15.78,498700,0
2010-02-17,15.95,15.99,15.29,15.66,335200,0
2010-02-18,15.54,15.74,15.34,15.6,194800,0
2010-02-19,15.47,15.67,15.34,15.47,282000,0
2010-02-22,15.59,15.6,15.19,15.26,248600,0
2010-02-23,15.24,15.36,14.45,14.71,453600,0
2010-02-24,14.76,15.1,14.66,15.03,339000,0
2010-02-25,14.81,15.37,14.54,15.3,388700,0
2010-02-26,15.27,15.49,15.0,15.21,489500,0
2010-03-01,15.2,15.49,15.12,15.41,346400,0
2010-03-02,15.57,15.87,15.36,15.62,676600,0
2010-03-03,15.6,16.24,15.52,16.2,1345600,0
2010-03-04,16.15,16.22,15.7,16.09,969100,0
2010-03-05,16.21,17.0,16.19,16.72,1072000,0
2010-03-08,16.9,16.9,16.35,16.39,519800,0
2010-03-09,16.31,16.97,16.07,16.18,672200,0
2010-03-10,16.12,16.66,16.08,16.5,460900,0
2010-03-11,16.34,16.47,16.1,16.24,398600,0
2010-03-12,16.25,16.52,16.2,16.52,361900,0
2010-03-15,16.43,17.38,16.02,16.84,887000,0
2010-03-16,16.95,16.97,16.26,16.75,766100,0
2010-03-17,17.4,17.6,16.45,16.59,1394200,0
2010-03-18,16.47,16.83,15.74,16.25,714100,0
2010-03-19,16.02,16.35,15.81,16.02,1104500,0
2010-03-22,15.82,15.85,15.17,15.67,756700,0
2010-03-23,15.6,16.16,15.5,16.12,507600,0
2010-03-24,15.97,16.25,15.95,16.1,521100,0
2010-03-25,16.22,16.5,15.88,16.1,634000,0
2010-03-26,16.07,16.59,16.01,16.1,475500,0
2010-03-29,16.2,16.53,16.16,16.41,267000,0
2010-03-30,16.48,16.66,16.15,16.41,356900,0
2010-03-31,16.35,16.75,16.3,16.64,553700,0
2010-04-01,16.81,16.99,16.7,16.89,569500,0
2010-04-05,17.05,17.23,16.89,17.15,493500,0
2010-04-06,16.97,17.12,16.57,16.77,451900,0
2010-04-07,16.7,16.99,16.37,16.44,274100,0
2010-04-08,16.29,16.5,16.03,16.29,267400,0
2010-04-09,16.33,16.67,16.33,16.57,207600,0
2010-04-12,16.65,16.81,16.38,16.55,308500,0
2010-04-13,16.55,16.8,16.33,16.75,412900,0
2010-04-14,16.85,16.85,16.03,16.71,888400,0
2010-04-15,16.64,16.73,16.32,16.51,490300,0
2010-04-16,16.42,16.54,15.7,16.0,404800,0
2010-04-19,15.87,16.7,15.85,16.44,841200,0
2010-04-20,16.5,16.8,16.28,16.75,1868600,0
2010-04-21,16.7,16.89,16.37,16.8,285400,0
2010-04-22,16.58,16.67,16.25,16.52,311900,0
2010-04-23,16.56,16.91,16.48,16.88,269600,0
2010-04-26,16.99,17.15,16.25,16.27,450100,0
2010-04-27,16.2,16.55,15.42,15.43,526000,0
2010-04-28,15.77,16.06,15.45,15.99,241100,0
2010-04-29,16.12,16.39,15.92,16.34,290600,0
2010-04-30,16.34,16.34,15.76,16.0,511300,0
2010-05-03,16.07,16.16,15.66,16.05,458800,0
2010-05-04,15.77,15.78,14.89,15.1,413200,0
2010-05-05,14.82,15.04,14.21,14.46,576500,0
2010-05-06,14.4,14.49,13.0,14.3,387600,0
2010-05-07,14.12,14.49,13.35,13.74,380300,0
2010-05-10,14.85,14.99,13.92,14.12,780600,0
2010-05-11,13.87,14.48,13.72,14.28,473500,0
2010-05-12,14.39,15.07,14.35,14.9,854700,0
2010-05-13,14.98,15.44,14.41,14.7,717500,0
2010-05-14,14.54,14.64,14.13,14.6,311800,0
2010-05-17,14.82,14.82,14.08,14.37,501200,0
2010-05-18,14.69,14.94,14.23,14.28,593000,0
2010-05-19,14.26,14.5,13.6,14.31,451000,0
2010-05-20,13.91,14.22,13.46,13.83,671500,0
2010-05-21,13.49,14.1,13.49,13.96,593500,0
2010-05-24,13.88,13.99,13.43,13.58,374900,0
2010-05-25,13.41,13.58,12.82,13.49,508800,0
2010-05-26,13.64,14.55,13.59,14.05,1893800,0
2010-05-27,14.25,15.05,14.18,15.03,524800,0
2010-05-28,14.99,15.43,14.71,14.76,487900,0
2010-06-01,14.56,15.11,14.1,14.11,418000,0
2010-06-02,14.23,15.04,13.86,15.0,399200,0
2010-06-03,15.0,15.68,14.9,15.16,944400,0
2010-06-04,14.78,15.1,14.41,14.5,288000,0
2010-06-07,14.51,14.54,13.79,13.85,316800,0
2010-06-08,13.82,14.02,13.5,13.89,225600,0
2010-06-09,14.0,14.08,13.58,13.82,258100,0
2010-06-10,14.05,14.61,13.92,14.41,267000,0
2010-06-11,14.19,14.49,14.1,14.49,119000,0
2010-06-14,14.71,14.75,14.2,14.27,261400,0
2010-06-15,14.4,14.67,14.32,14.61,387200,0
2010-06-16,14.36,14.69,14.36,14.49,160300,0
2010-06-17,14.55,14.74,14.26,14.53,218500,0
2010-06-18,14.62,14.9,14.32,14.68,434000,0
2010-06-21,14.9,15.02,14.16,14.41,358100,0
2010-06-22,14.44,14.76,13.92,13.97,376200,0
2010-06-23,14.01,14.59,13.92,14.09,420800,0
2010-06-24,14.17,14.18,13.82,13.87,201200,0
2010-06-25,13.98,14.66,13.8,14.35,650800,0
2010-06-28,14.25,14.4,13.91,14.01,265600,0
2010-06-29,13.72,13.77,13.04,13.26,405600,0
2010-06-30,13.33,14.24,13.26,13.26,428500,0
2010-07-01,13.33,13.65,13.01,13.45,488700,0
2010-07-02,13.57,13.64,13.15,13.45,150700,0
2010-07-06,13.75,13.93,13.14,13.2,335000,0
2010-07-07,13.19,13.92,13.16,13.88,218700,0
2010-07-08,14.06,14.33,13.64,14.27,190200,0
2010-07-09,14.28,14.84,14.14,14.83,284100,0
2010-07-12,14.73,14.82,14.19,14.52,149500,0
2010-07-13,14.71,15.45,14.7,15.0,498000,0
2010-07-14,14.9,15.55,14.78,15.32,361200,0
2010-07-15,15.34,15.39,14.83,15.15,301500,0
2010-07-16,15.04,15.1,14.59,14.61,215800,0
2010-07-19,14.74,14.77,14.27,14.59,125700,0
2010-07-20,14.34,14.8,14.19,14.4,438800,0
2010-07-21,14.57,14.99,14.09,14.2,252500,0
2010-07-22,14.45,15.14,14.4,14.9,699600,0
2010-07-23,14.89,15.44,14.8,15.24,464300,0
2010-07-26,15.3,15.5,15.05,15.31,390200,0
2010-07-27,15.47,15.5,15.03,15.16,270600,0
2010-07-28,15.07,15.24,14.89,15.08,187100,0
2010-07-29,15.23,15.49,14.69,15.4,589600,0
2010-07-30,15.15,15.7,14.91,15.35,677800,0
2010-08-02,15.65,16.05,15.43,16.01,379200,0
2010-08-03,15.91,16.16,15.68,16.14,247200,0
2010-08-04,16.18,16.45,15.8,16.35,756900,0
2010-08-05,16.25,16.95,16.09,16.67,854000,0
2010-08-06,16.5,17.29,16.45,17.12,1193000,0
2010-08-09,17.3,18.24,17.2,17.5,1066600,0
2010-08-10,17.3,17.36,16.5,16.77,568500,0
2010-08-11,16.51,16.51,15.94,16.1,442800,0
2010-08-12,15.79,16.65,15.75,16.13,620500,0
2010-08-13,16.06,16.75,15.85,16.35,318900,0
2010-08-16,16.3,16.95,16.21,16.65,405200,0
2010-08-17,16.81,17.25,16.57,16.76,547200,0
2010-08-18,16.81,16.87,16.29,16.33,308700,0
2010-08-19,16.29,16.43,15.8,15.84,505600,0
2010-08-20,15.66,15.8,15.44,15.76,209000,0
2010-08-23,15.92,16.07,15.6,15.65,308500,0
2010-08-24,15.42,15.71,15.19,15.24,386000,0
2010-08-25,15.15,15.46,14.77,15.36,353200,0
2010-08-26,15.42,15.64,14.97,15.03,150300,0
2010-08-27,15.16,15.91,14.92,15.86,246100,0
2010-08-30,15.73,15.83,15.43,15.46,195000,0
2010-08-31,15.4,15.94,15.24,15.82,239300,0
2010-09-01,16.08,17.0,15.95,16.68,340300,0
2010-09-02,16.62,17.25,16.52,17.1,293600,0
2010-09-03,17.27,17.33,16.88,17.21,270000,0
2010-09-07,17.04,17.29,16.62,16.74,303700,0
2010-09-08,16.85,17.09,16.53,16.76,323000,0
2010-09-09,16.97,17.09,16.3,16.4,235600,0
2010-09-10,16.47,16.99,16.42,16.74,221900,0
2010-09-13,16.89,17.12,16.39,16.42,324300,0
2010-09-14,16.34,16.91,16.11,16.5,298200,0
2010-09-15,16.39,16.63,16.21,16.43,180800,0
2010-09-16,16.35,16.7,16.34,16.63,417600,0
2010-09-17,16.73,17.18,16.49,17.05,411300,0
2010-09-20,17.06,17.72,16.8,17.57,360700,0
2010-09-21,17.5,17.96,17.15,17.44,298800,0
2010-09-22,17.55,18.0,17.49,17.72,275600,0
2010-09-23,17.62,17.92,17.29,17.43,206100,0
2010-09-24,17.68,17.81,17.43,17.81,158500,0
2010-09-27,17.86,18.39,17.76,18.25,296500,0
2010-09-28,18.35,18.4,17.76,18.09,266000,0
2010-09-29,18.0,18.4,17.97,18.37,240900,0
2010-09-30,18.45,18.59,17.82,18.25,354900,0
2010-10-01,18.38,19.0,18.23,18.84,266300,0
2010-10-04,18.8,18.8,18.18,18.38,400200,0
2010-10-05,18.54,18.9,18.39,18.5,458900,0
2010-10-06,18.37,18.82,18.09,18.61,307000,0
2010-10-07,18.68,18.71,18.16,18.28,253300,0
2010-10-08,18.14,18.79,18.13,18.48,340800,0
2010-10-11,18.52,19.0,18.39,18.81,443700,0
2010-10-12,18.81,18.91,18.54,18.65,254700,0
2010-10-13,18.8,19.08,18.69,18.93,275200,0
2010-10-14,18.96,19.42,18.77,19.07,345400,0
2010-10-15,19.08,19.08,17.93,18.1,698400,0
2010-10-18,18.16,18.55,17.54,17.66,654800,0
2010-10-19,17.51,18.28,16.91,17.14,883800,0
2010-10-20,17.25,17.82,17.25,17.71,274500,0
2010-10-21,17.84,18.31,17.4,17.69,275700,0
2010-10-22,17.77,17.77,17.13,17.28,411900,0
2010-10-25,17.45,17.67,16.86,17.09,585900,0
2010-10-26,17.01,17.67,16.97,17.4,357400,0
2010-10-27,17.21,17.64,17.1,17.47,200500,0
2010-10-28,17.66,17.84,16.98,17.05,256000,0
2010-10-29,17.03,17.7,17.0,17.37,320900,0
2010-11-01,17.48,17.84,17.3,17.61,362000,0
2010-11-02,17.81,18.4,17.77,18.15,320100,0
2010-11-03,18.14,18.14,17.42,17.72,414700,0
2010-11-04,18.08,18.45,18.06,18.3,331000,0
2010-11-05,18.5,19.17,18.48,18.78,663800,0
2010-11-08,18.77,20.0,18.44,19.81,684600,0
2010-11-09,20.01,20.76,19.72,20.26,693600,0
2010-11-10,20.34,20.95,20.12,20.92,390100,0
2010-11-11,20.74,22.2,20.61,21.93,448400,0
2010-11-12,21.81,21.81,20.5,20.7,674800,0
2010-11-15,20.88,21.05,20.5,20.54,366700,0
2010-11-16,20.33,20.54,19.03,19.41,875300,0
2010-11-17,19.36,20.4,19.28,19.77,330300,0
2010-11-18,20.07,20.91,20.02,20.87,438000,0
2010-11-19,20.78,22.21,20.54,22.07,677900,0
2010-11-22,21.94,21.94,20.8,20.97,912900,0
2010-11-23,20.44,20.82,19.75,19.78,520100,0
2010-11-24,19.96,20.89,19.96,20.83,343900,0
2010-11-26,20.63,20.73,20.25,20.26,81800,0
2010-11-29,20.21,20.95,20.01,20.84,254100,0
2010-11-30,20.63,21.1,20.27,20.97,316600,0
2010-12-01,21.49,21.7,20.42,20.48,641300,0
2010-12-02,20.54,21.56,20.5,21.45,267400,0
2010-12-03,21.4,22.0,21.25,21.58,348700,0
2010-12-06,21.6,21.73,20.71,21.02,1171900,0
2010-12-07,21.31,21.55,20.77,20.87,565900,0
2010-12-08,21.1,21.92,20.61,21.77,605600,0
2010-12-09,21.82,22.7,21.46,22.61,661300,0
2010-12-10,22.69,23.56,22.3,22.92,629000,0
2010-12-13,22.15,22.68,21.3,21.34,1156800,0
2010-12-14,21.41,21.78,20.61,20.7,891400,0
2010-12-15,20.43,20.43,19.66,20.01,1723200,0
2010-12-16,19.91,19.96,19.5,19.9,16644500,0
2010-12-17,20.0,20.69,19.95,20.62,3518800,0
2010-12-20,21.19,21.27,20.77,21.19,2024700,0
2010-12-21,21.45,21.5,21.02,21.42,1760700,0
2010-12-22,21.48,21.55,20.98,21.49,1982000,0
2010-12-23,21.4,22.2,21.33,22.03,1213800,0
2010-12-27,21.98,22.79,21.8,22.77,1390200,0
2010-12-28,22.78,23.07,22.49,22.49,1144500,0
2010-12-29,22.94,23.0,22.71,22.71,1038000,0
2010-12-30,22.78,23.07,22.45,22.74,982100,0
2010-12-31,22.83,23.46,22.82,23.23,1207300,0
2011-01-03,23.54,23.9,23.04,23.19,1691000,0
2011-01-04,23.5,23.51,22.11,22.77,2150500,0
2011-01-05,22.86,23.53,22.6,23.5,1533800,0
2011-01-06,23.54,23.71,22.64,22.93,1468200,0
2011-01-07,22.99,23.14,22.31,22.46,756000,0
2011-01-10,22.67,22.67,22.04,22.22,1005200,0
2011-01-11,22.48,23.4,22.27,23.25,1594100,0
2011-01-12,23.48,23.51,22.31,23.08,1685300,0
2011-01-13,23.01,23.73,22.97,23.25,1692800,0
2011-01-14,23.15,23.2,22.25,22.38,1845300,0
2011-01-18,22.24,23.0,22.14,22.86,952100,0
2011-01-19,22.95,23.0,22.04,22.2,982500,0
2011-01-20,22.27,22.27,21.25,21.59,1834500,0
2011-01-21,21.92,22.1,21.14,21.17,1120700,0
2011-01-24,21.05,21.46,20.6,21.41,1199600,0
2011-01-25,21.28,21.97,21.04,21.37,1057400,0
2011-01-26,21.47,23.0,21.47,22.86,1153300,0
2011-01-27,22.81,22.83,22.33,22.62,854000,0
2011-01-28,22.48,22.72,21.65,22.52,1397600,0
2011-01-31,22.72,23.18,22.48,22.77,943500,0
2011-02-01,23.01,24.0,22.99,23.91,1060500,0
2011-02-02,23.8,24.69,23.8,23.94,929200,0
2011-02-03,23.87,24.2,23.14,24.18,873200,0
2011-02-04,24.07,24.21,23.27,23.66,799100,0
2011-02-07,23.74,24.2,23.6,23.83,817900,0
2011-02-08,23.72,23.92,23.18,23.24,691500,0
2011-02-09,23.16,23.27,22.39,22.6,1101500,0
2011-02-10,22.36,22.95,22.35,22.76,926800,0
2011-02-11,22.69,22.82,22.5,22.74,474500,0
2011-02-14,22.92,23.21,22.64,22.92,932700,0
2011-02-15,22.91,23.18,22.69,22.74,887500,0
2011-02-16,23.01,23.13,22.2,22.53,1172200,0
2011-02-17,22.58,22.8,22.12,22.59,792200,0
2011-02-18,22.73,22.75,21.78,22.02,885000,0
2011-02-22,21.85,22.56,21.5,21.75,1643000,0
2011-02-23,21.7,21.92,20.75,21.07,2038700,0
2011-02-24,21.07,21.56,20.95,21.36,1387500,0
2011-02-25,20.38,20.67,19.23,19.84,5839900,0
2011-02-28,19.92,20.81,19.91,20.5,2518800,0
2011-03-01,20.8,21.07,20.16,20.23,2403900,0
2011-03-02,20.12,20.97,20.12,20.62,1348800,0
2011-03-03,21.03,21.36,20.78,21.31,1516600,0
2011-03-04,21.48,22.12,21.14,21.29,1600000,0
2011-03-07,21.51,21.59,20.4,20.74,1244400,0
2011-03-08,20.72,21.08,20.4,20.99,911000,0
2011-03-09,20.84,21.15,20.6,20.75,876600,0
2011-03-10,20.46,20.61,19.97,20.01,1156300,0
2011-03-11,19.76,20.45,19.75,20.07,781500,0
2011-03-14,20.03,20.72,20.0,20.62,949400,0
2011-03-15,20.23,21.06,19.78,20.76,1548500,0
2011-03-16,21.14,21.72,20.53,20.62,2468200,0
2011-03-17,21.14,21.67,21.0,21.39,837600,0
2011-03-18,21.6,22.05,21.32,21.9,4649800,0
2011-03-21,22.22,22.25,21.1,21.19,1448700,0
2011-03-22,21.23,21.55,21.01,21.48,649900,0
2011-03-23,21.49,21.75,20.9,21.66,1329000,0
2011-03-24,21.81,21.82,21.3,21.44,917200,0
2011-03-25,21.54,22.12,21.43,21.65,702400,0
2011-03-28,21.7,21.77,20.98,21.07,928400,0
2011-03-29,21.06,21.38,20.95,21.17,997100,0
2011-03-30,21.28,21.5,20.67,21.35,1149500,0
2011-03-31,21.42,21.83,21.3,21.59,724800,0
2011-04-01,21.76,22.19,21.66,21.88,823000,0
2011-04-04,22.11,22.24,21.59,21.76,590500,0
2011-04-05,21.75,22.17,21.5,21.61,595600,0
2011-04-06,22.49,22.52,21.27,21.32,2493800,0
2011-04-07,21.43,21.84,20.85,20.97,1242500,0
2011-04-08,21.11,21.78,21.11,21.75,1653800,0
2011-04-11,22.02,22.04,21.46,21.57,1716400,0
2011-04-12,21.5,21.63,21.15,21.31,2034200,0
2011-04-13,21.5,21.67,20.98,21.09,1309100,0
2011-04-14,21.0,21.48,20.6,20.64,2138000,0
2011-04-15,20.34,20.36,19.79,19.88,2707400,0
2011-04-18,19.68,20.1,19.39,19.87,1941400,0
2011-04-19,19.88,19.93,19.05,19.42,2529900,0
2011-04-20,19.64,19.7,19.29,19.66,1517300,0
2011-04-21,19.7,20.02,19.55,19.94,1259600,0
2011-04-25,19.98,20.46,19.97,20.29,1386300,0
2011-04-26,20.47,20.5,20.09,20.33,944000,0
2011-04-27,20.42,20.55,19.95,20.09,1766700,0
2011-04-28,20.06,20.2,19.7,19.81,1313900,0
2011-04-29,19.88,20.94,19.81,20.82,1900000,0
2011-05-02,21.16,21.68,20.73,20.81,2412500,0
2011-05-03,20.71,20.89,20.32,20.48,1249300,0
2011-05-04,20.34,20.57,19.81,20.18,1828100,0
2011-05-05,20.63,21.09,19.45,19.59,2812100,0
2011-05-06,19.77,20.32,19.67,19.95,1313700,0
2011-05-09,19.99,20.68,19.95,20.59,898900,0
2011-05-10,20.65,20.8,20.32,20.65,887700,0
2011-05-11,20.63,20.63,19.82,19.97,1465600,0
2011-05-12,20.74,21.41,20.52,20.93,3029700,0
2011-05-13,20.8,20.9,19.92,19.97,1755500,0
2011-05-16,19.92,20.66,19.85,20.07,1169100,0
2011-05-17,19.98,20.66,19.8,20.55,1380800,0
2011-05-18,20.56,20.9,20.32,20.87,858400,0
2011-05-19,20.97,21.0,20.32,20.65,1012700,0
2011-05-20,20.57,20.67,20.2,20.58,777400,0
2011-05-23,20.23,20.52,20.03,20.45,689400,0
2011-05-24,20.49,20.85,20.16,20.22,1034500,0
2011-05-25,20.23,20.8,20.23,20.58,609800,0
2011-05-26,20.59,20.81,20.3,20.75,821200,0
2011-05-27,20.9,21.2,20.65,20.9,891800,0
2011-05-31,21.02,21.26,20.4,21.24,1605800,0
2011-06-01,21.21,21.34,20.7,20.75,1025800,0
2011-06-02,20.72,21.3,20.42,20.49,1202600,0
2011-06-03,20.29,20.53,19.69,19.76,1143400,0
2011-06-06,19.7,20.08,19.38,19.45,954800,0
2011-06-07,19.53,19.58,19.05,19.23,1297600,0
2011-06-08,19.23,19.51,18.96,19.17,1368400,0
2011-06-09,19.25,19.91,19.12,19.74,1072000,0
2011-06-10,19.64,20.21,19.52,20.08,1624200,0
2011-06-13,20.13,20.41,19.45,19.51,1410000,0
2011-06-14,19.67,20.52,19.67,20.3,1371500,0
2011-06-15,20.13,20.16,19.29,19.38,1100100,0
2011-06-16,19.39,19.68,18.85,19.37,1562100,0
2011-06-17,19.48,19.64,19.05,19.19,1649500,0
2011-06-20,19.12,19.51,18.98,19.07,706200,0
2011-06-21,19.19,19.81,19.14,19.66,750100,0
2011-06-22,19.61,20.27,19.47,19.85,892800,0
2011-06-23,19.58,19.95,19.23,19.88,953500,0
2011-06-24,19.94,20.52,19.94,20.38,4035100,0
2011-06-27,20.39,20.43,19.73,20.21,816100,0
2011-06-28,20.32,20.64,20.18,20.58,729700,0
2011-06-29,20.69,21.11,20.39,21.01,741800,0
2011-06-30,21.0,21.41,20.92,21.3,815100,0
2011-07-01,21.35,21.6,20.98,21.42,657900,0
2011-07-05,21.57,21.82,21.35,21.68,749400,0
2011-07-06,21.63,21.63,21.07,21.4,508200,0
2011-07-07,21.62,21.8,21.55,21.67,500800,0
2011-07-08,21.33,21.83,21.19,21.82,613200,0
2011-07-11,21.51,21.51,20.9,20.99,554400,0
2011-07-12,20.88,21.6,20.87,21.2,893100,0
2011-07-13,21.34,21.8,21.12,21.72,794600,0
2011-07-14,21.82,21.91,20.81,20.88,685700,0
2011-07-15,21.04,21.32,20.67,21.2,787200,0
2011-07-18,21.2,21.95,21.12,21.92,1063400,0
2011-07-19,22.08,22.7,22.0,22.46,1077600,0
2011-07-20,22.72,22.77,22.23,22.74,915400,0
2011-07-21,22.85,23.12,22.6,23.09,660000,0
2011-07-22,23.14,23.34,23.01,23.28,734600,0
2011-07-25,22.95,23.19,22.6,23.11,488400,0
2011-07-26,23.01,23.2,22.78,23.02,1057200,0
2011-07-27,22.81,22.95,22.16,22.25,923000,0
2011-07-28,22.23,22.74,22.0,22.06,669800,0
2011-07-29,21.88,22.4,21.36,22.3,1021400,0
2011-08-01,22.78,22.92,22.16,22.45,1263500,0
2011-08-02,22.35,22.69,21.64,21.67,899100,0
2011-08-03,22.41,22.74,19.81,21.41,1777000,0
2011-08-04,21.1,21.15,19.72,19.74,1771900,0
2011-08-05,19.96,20.24,18.81,19.45,1667400,0
2011-08-08,18.8,19.42,17.67,17.85,2114200,0
2011-08-09,18.31,19.38,17.33,19.35,1578700,0
2011-08-10,19.09,19.91,18.35,19.07,1983700,0
2011-08-11,19.1,20.5,18.84,20.28,1744700,0
2011-08-12,20.51,20.8,19.95,20.42,1069600,0
2011-08-15,20.61,21.35,20.57,21.22,956500,0
2011-08-16,20.89,21.01,20.02,20.06,784800,0
2011-08-17,20.2,20.54,19.49,19.55,1017400,0
2011-08-18,19.02,19.15,18.2,18.37,1170300,0
2011-08-19,18.14,18.71,17.7,17.72,779900,0
2011-08-22,18.23,18.32,17.37,17.46,645500,0
2011-08-23,17.54,17.91,17.28,17.81,1394600,0
2011-08-24,17.84,18.64,17.75,18.52,1227800,0
2011-08-25,18.66,18.88,18.13,18.35,1193200,0
2011-08-26,18.83,19.05,18.12,19.01,1440800,0
2011-08-29,19.13,19.42,18.92,19.22,1920200,0
2011-08-30,19.03,19.43,18.78,19.31,1186700,0
2011-08-31,19.48,20.0,19.48,20.0,1422000,0
2011-09-01,19.9,20.35,19.67,19.71,1141200,0
2011-09-02,19.29,19.67,19.07,19.42,1110100,0
2011-09-06,18.9,19.47,18.53,19.38,953100,0
2011-09-07,19.78,20.62,19.77,20.59,1294100,0
2011-09-08,20.4,20.96,20.38,20.74,1417900,0
2011-09-09,20.42,21.07,19.87,20.08,1189800,0
2011-09-12,19.61,19.98,19.11,19.63,1122900,0
2011-09-13,19.7,19.99,19.35,19.82,855200,0
2011-09-14,19.9,20.59,19.56,20.3,894600,0
2011-09-15,20.48,20.91,20.23,20.72,740600,0
2011-09-16,20.76,20.8,20.17,20.63,1271300,0
2011-09-19,20.48,20.75,20.01,20.55,1074600,0
2011-09-20,20.65,20.75,19.77,19.98,1051300,0
2011-09-21,19.88,19.94,18.7,18.73,1687600,0
2011-09-22,18.07,18.11,16.57,17.27,2034100,0
2011-09-23,17.08,17.49,16.89,17.03,1138600,0
2011-09-26,17.27,17.64,16.54,17.63,862400,0
2011-09-27,18.27,18.73,18.02,18.19,1229700,0
2011-09-28,18.2,18.26,17.29,17.37,1008000,0
2011-09-29,17.92,18.1,17.27,17.75,895100,0
2011-09-30,17.47,17.76,16.88,16.95,930100,0
2011-10-03,16.76,17.06,16.26,16.29,1215000,0
2011-10-04,16.05,16.99,15.91,16.91,1700000,0
2011-10-05,16.97,17.94,16.84,17.74,922600,0
2011-10-06,17.67,18.25,17.35,18.04,1141000,0
2011-10-07,18.15,18.41,17.68,17.72,1010500,0
2011-10-10,18.18,18.51,17.97,18.48,1017200,0
2011-10-11,18.33,19.17,18.26,19.03,786400,0
2011-10-12,19.37,19.96,19.35,19.57,1150600,0
2011-10-13,19.38,19.95,19.21,19.82,886700,0
2011-10-14,20.0,20.27,19.86,20.2,740300,0
2011-10-17,20.17,20.62,20.01,20.11,959700,0
2011-10-18,20.13,20.92,19.74,20.68,968200,0
2011-10-19,20.67,21.1,20.2,20.41,1365500,0
2011-10-20,20.33,20.99,20.16,20.91,2156100,0
2011-10-21,21.3,21.68,20.68,21.47,2001300,0
2011-10-24,21.47,22.15,21.41,22.12,709200,0
2011-10-25,22.0,22.03,21.34,21.37,1025900,0
2011-10-26,21.79,22.18,21.22,22.09,680800,0
2011-10-27,22.77,23.32,22.29,23.26,1986600,0
2011-10-28,23.64,24.34,22.94,24.02,2038400,0
2011-10-31,23.68,23.87,22.92,22.95,914200,0
2011-11-01,21.92,22.82,21.86,22.34,1034300,0
2011-11-02,22.97,23.12,22.5,22.9,859500,0
2011-11-03,23.2,23.75,22.32,23.59,1014100,0
2011-11-04,23.36,23.72,22.76,23.33,963200,0
2011-11-07,23.34,23.52,22.91,23.29,526500,0
2011-11-08,23.38,23.92,22.85,23.39,1056200,0
2011-11-09,22.58,22.87,21.46,21.59,1391600,0
2011-11-10,21.93,22.21,21.34,21.67,1410900,0
2011-11-11,21.93,22.02,21.3,21.51,1046700,0
2011-11-14,21.45,21.88,21.15,21.83,1018300,0
2011-11-15,21.65,22.08,21.26,21.91,773800,0
2011-11-16,21.64,21.71,20.69,20.78,956400,0
2011-11-17,20.8,20.95,19.92,20.08,1194600,0
2011-11-18,20.18,20.38,19.88,20.05,993300,0
2011-11-21,19.64,19.96,19.11,19.76,942300,0
2011-11-22,19.82,20.13,19.05,19.2,1049000,0
2011-11-23,19.04,19.04,18.2,18.21,872900,0
2011-11-25,18.21,18.35,17.85,17.91,304400,0
2011-11-28,18.59,18.89,18.49,18.73,748300,0
2011-11-29,18.7,19.71,18.51,19.65,1410200,0
2011-11-30,19.94,21.45,19.81,21.37,2268500,0
2011-12-01,21.23,21.23,20.81,21.13,912400,0
2011-12-02,21.39,21.44,20.56,20.66,511000,0
2011-12-05,21.03,21.43,20.64,20.85,600900,0
2011-12-06,20.74,20.88,20.38,20.65,755600,0
2011-12-07,20.5,20.73,20.25,20.37,1046600,0
2011-12-08,20.15,20.35,19.33,19.41,1248400,0
2011-12-09,19.47,20.51,19.42,20.4,867100,0
2011-12-12,19.95,20.05,19.11,19.48,1420500,0
2011-12-13,19.66,19.89,19.0,19.12,786100,0
2011-12-14,18.89,19.66,18.72,19.35,1677000,0
2011-12-15,19.64,19.71,19.06,19.14,696500,0
2011-12-16,19.38,19.8,19.02,19.16,1221100,0
2011-12-19,19.25,19.34,18.65,18.78,904400,0
2011-12-20,19.21,19.74,19.05,19.58,954400,0
2011-12-21,19.48,20.06,19.19,20.03,653800,0
2011-12-22,20.06,20.78,19.97,20.5,715400,0
2011-12-23,20.65,20.65,20.07,20.25,332700,0
2011-12-27,20.12,20.16,19.65,19.78,350900,0
2011-12-28,19.73,19.92,19.08,19.16,648600,0
2011-12-29,19.19,19.63,19.16,19.27,372700,0
2011-12-30,19.16,19.48,19.04,19.32,250800,0
2012-01-03,19.78,20.03,19.17,19.49,1251500,0
2012-01-04,19.47,19.9,19.21,19.81,815600,0
2012-01-05,19.65,20.07,19.26,19.8,472900,0
2012-01-06,19.83,20.09,19.26,19.86,610500,0
2012-01-09,19.92,20.03,19.3,19.34,653200,0
2012-01-10,19.7,20.13,19.55,20.08,727900,0
2012-01-11,20.07,20.34,19.65,20.22,588400,0
2012-01-12,20.31,20.44,19.76,20.1,891900,0
2012-01-13,19.81,20.16,19.42,19.5,1033100,0
2012-01-17,19.67,19.82,19.09,19.17,830000,0
2012-01-18,19.02,19.32,18.64,19.23,1017500,0
2012-01-19,18.66,19.34,18.64,19.12,1313400,0
2012-01-20,19.51,19.75,18.93,19.09,2587400,0
2012-01-23,19.15,19.75,19.13,19.37,1211500,0
2012-01-24,19.12,19.22,18.85,19.16,1607200,0
2012-01-25,19.12,19.21,18.85,19.16,1724300,0
2012-01-26,19.23,19.45,19.06,19.34,9642300,0
2012-01-27,18.8,19.59,18.8,19.39,1401000,0
2012-01-30,19.18,19.65,18.87,19.6,1199800,0
2012-01-31,19.32,19.7,18.33,18.95,1984700,0
2012-02-01,19.09,19.44,18.96,19.0,1373600,0
2012-02-02,19.0,19.83,18.96,19.66,1233600,0
2012-02-03,19.96,20.1,19.75,19.78,1001400,0
2012-02-06,19.6,20.0,19.47,19.95,557100,0
2012-02-07,19.94,19.94,19.51,19.7,705200,0
2012-02-08,19.79,20.17,19.5,19.54,700300,0
2012-02-09,19.66,19.95,19.2,19.81,1307000,0
2012-02-10,19.39,19.39,18.12,18.35,2079700,0
2012-02-13,18.43,18.48,18.05,18.17,1220700,0
2012-02-14,17.66,17.81,16.98,17.04,2983400,0
2012-02-15,17.02,17.22,16.8,16.97,1701900,0
2012-02-16,16.94,17.58,16.84,17.49,1395100,0
2012-02-17,18.54,19.09,17.81,18.43,2904800,0
2012-02-21,18.49,18.67,18.02,18.04,1078500,0
2012-02-22,17.99,18.2,17.81,17.99,997700,0
2012-02-23,17.95,18.05,17.67,17.95,719300,0
2012-02-24,17.98,18.33,17.68,18.25,716100,0
2012-02-27,18.11,18.13,17.83,17.84,1032300,0
2012-02-28,17.83,18.19,17.8,18.16,887400,0
2012-02-29,18.2,18.36,17.72,17.72,1348300,0
2012-03-01,17.88,18.17,17.6,17.61,784200,0
2012-03-02,17.62,17.74,16.86,16.92,1327900,0
2012-03-05,16.9,16.9,16.19,16.55,1669900,0
2012-03-06,16.35,16.62,16.0,16.45,1385000,0
2012-03-07,16.57,16.93,16.36,16.83,1109900,0
2012-03-08,16.97,16.99,16.61,16.83,834200,0
2012-03-09,17.1,17.34,16.79,17.18,1053200,0
2012-03-12,17.13,17.3,16.72,16.75,632200,0
2012-03-13,16.92,17.19,16.82,17.12,751100,0
2012-03-14,17.1,17.31,16.71,16.79,1564600,0
2012-03-15,16.82,17.23,16.53,17.0,1536300,0
2012-03-16,17.07,17.72,16.98,17.5,1359000,0
2012-03-19,17.45,18.19,17.38,17.85,1242300,0
2012-03-20,17.66,17.67,17.02,17.48,756900,0
2012-03-21,17.54,17.6,17.14,17.15,455800,0
2012-03-22,16.93,16.93,16.42,16.66,782200,0
2012-03-23,16.59,16.98,16.46,16.75,784700,0
2012-03-26,16.99,17.09,16.45,16.52,722000,0
2012-03-27,16.55,16.83,16.39,16.61,633900,0
2012-03-28,16.57,16.57,15.97,16.26,798100,0
2012-03-29,16.12,16.25,15.72,16.12,1251400,0
2012-03-30,16.3,16.3,15.81,15.93,1370600,0
2012-04-02,15.87,16.52,15.78,16.13,1226700,0
2012-04-03,16.07,16.18,15.6,15.77,732100,0
2012-04-04,15.6,15.75,15.37,15.44,673500,0
2012-04-05,15.44,15.55,15.0,15.1,736800,0
2012-04-09,14.82,15.31,14.75,15.3,1157600,0
2012-04-10,15.26,15.26,14.65,14.93,961100,0
2012-04-11,15.09,15.24,14.85,15.04,1036200,0
2012-04-12,15.01,15.72,14.97,15.41,990700,0
2012-04-13,14.89,15.05,14.72,14.81,1597600,0
2012-04-16,14.9,14.98,14.36,14.65,1167800,0
2012-04-17,14.72,15.16,14.69,14.76,949200,0
2012-04-18,14.69,14.91,14.2,14.21,1067400,0
2012-04-19,14.25,15.07,14.24,15.05,1379600,0
2012-04-20,15.21,15.34,14.12,14.15,2053800,0
2012-04-23,13.97,14.26,13.65,14.09,1344100,0
2012-04-24,14.13,14.54,13.96,14.22,954700,0
2012-04-25,14.37,14.82,14.15,14.72,1115600,0
2012-04-26,14.63,15.09,14.48,15.09,1074200,0
2012-04-27,15.13,15.2,14.82,15.13,1105400,0
2012-04-30,15.08,15.6,14.88,15.39,1363100,0
2012-05-01,14.75,15.91,14.65,15.6,1763900,0
2012-05-02,15.42,15.42,14.91,15.1,1473900,0
2012-05-03,15.11,15.3,14.66,14.83,1585200,0
2012-05-04,14.66,14.78,14.25,14.27,1140300,0
2012-05-07,14.2,14.81,14.11,14.79,1371100,0
2012-05-08,14.65,14.96,14.26,14.95,1270600,0
2012-05-09,14.74,16.48,14.46,16.25,3617400,0
2012-05-10,16.33,16.79,15.92,16.34,3056900,0
2012-05-11,16.14,16.63,15.96,16.5,1144200,0
2012-05-14,16.28,16.75,16.15,16.27,1045500,0
2012-05-15,16.21,16.31,15.7,15.75,1714100,0
2012-05-16,15.74,16.21,15.61,15.82,1760500,0
2012-05-17,15.89,16.45,15.73,16.03,2558900,0
2012-05-18,16.09,16.11,15.42,15.59,1379100,0
2012-05-21,15.64,15.88,15.47,15.83,1295600,0
2012-05-22,15.89,15.96,15.09,15.31,1832500,0
2012-05-23,15.22,15.78,15.08,15.71,1018200,0
2012-05-24,15.75,15.81,15.47,15.73,845600,0
2012-05-25,15.71,15.96,15.66,15.79,786200,0
2012-05-29,16.03,16.56,15.97,16.22,1507400,0
2012-05-30,15.99,16.01,15.7,15.72,832500,0
2012-05-31,15.68,15.71,15.02,15.48,1473000,0
2012-06-01,14.93,15.62,14.91,15.12,1522700,0
2012-06-04,15.15,15.46,14.8,15.3,1114400,0
2012-06-05,15.24,15.5,14.79,14.98,1031100,0
2012-06-06,15.14,15.32,14.81,15.06,990000,0
2012-06-07,15.32,15.61,14.9,15.46,2380100,0
2012-06-08,15.34,15.54,15.12,15.53,844900,0
2012-06-11,15.68,15.73,14.45,14.46,1132400,0
2012-06-12,14.54,14.69,14.21,14.59,717300,0
2012-06-13,14.53,14.76,14.24,14.32,884400,0
2012-06-14,14.39,14.76,14.13,14.76,546700,0
2012-06-15,14.75,15.1,14.59,15.01,1162000,0
2012-06-18,14.91,15.11,14.81,15.06,1149000,0
2012-06-19,15.16,15.78,14.88,15.67,1369700,0
2012-06-20,15.7,16.12,15.57,16.05,1177700,0
2012-06-21,16.06,16.06,15.27,15.44,1233500,0
2012-06-22,15.49,15.98,15.33,15.92,1745000,0
2012-06-25,15.62,15.62,15.06,15.11,1018600,0
2012-06-26,15.09,15.27,14.7,14.82,992900,0
2012-06-27,14.8,16.12,14.8,16.02,964900,0
2012-06-28,15.87,16.48,15.8,16.4,1153700,0
2012-06-29,16.82,16.97,16.45,16.91,1221300,0
2012-07-02,16.95,17.66,16.74,17.64,1230100,0
2012-07-03,17.73,18.27,17.47,17.97,958900,0
2012-07-05,17.89,18.18,17.55,17.73,918100,0
2012-07-06,17.54,17.85,17.29,17.5,1178700,0
2012-07-09,17.46,17.79,17.16,17.3,1264000,0
2012-07-10,17.56,17.79,16.42,16.69,882400,0
2012-07-11,16.72,17.05,16.48,16.62,645000,0
2012-07-12,16.47,17.17,16.22,17.03,939400,0
2012-07-13,17.13,17.43,16.81,17.2,617500,0
2012-07-16,17.06,17.14,16.44,16.85,630800,0
2012-07-17,17.02,17.09,16.21,16.62,857100,0
2012-07-18,16.53,16.57,15.92,15.96,1851300,0
2012-07-19,15.93,16.17,15.39,15.88,2189800,0
2012-07-20,15.68,16.15,15.56,16.11,1086300,0
2012-07-23,15.8,16.62,15.67,16.36,1140100,0
2012-07-24,16.26,16.56,15.31,15.77,1208000,0
2012-07-25,15.87,15.97,15.43,15.51,635400,0
2012-07-26,15.78,16.19,15.66,15.8,1051400,0
2012-07-27,15.99,16.42,15.66,16.35,1743000,0
2012-07-30,16.43,16.77,16.07,16.71,1050200,0
2012-07-31,16.7,17.12,16.47,16.55,1143700,0
2012-08-01,15.65,18.14,14.17,17.73,2043300,0
2012-08-02,17.51,18.15,16.53,17.07,936700,0
2012-08-03,17.42,18.23,17.14,17.59,1023800,0
2012-08-06,17.59,18.0,17.41,17.68,903200,0
2012-08-07,17.82,18.0,17.63,17.86,1433000,0
2012-08-08,17.72,18.0,17.33,17.54,564000,0
2012-08-09,17.53,19.0,17.47,18.22,1064800,0
2012-08-10,18.13,18.13,17.6,17.96,745300,0
2012-08-13,17.87,17.92,17.06,17.5,707100,0
2012-08-14,17.62,17.64,17.03,17.54,973800,0
2012-08-15,17.45,17.75,17.33,17.59,652900,0
2012-08-16,17.63,18.1,17.41,17.95,572400,0
2012-08-17,17.9,18.15,17.65,17.73,468000,0
2012-08-20,17.7,18.15,17.62,17.97,412600,0
2012-08-21,18.02,18.7,17.95,18.02,610900,0
2012-08-22,18.02,18.13,17.77,18.09,415300,0
2012-08-23,18.0,18.17,17.62,17.8,580000,0
2012-08-24,17.7,18.23,17.5,18.16,717100,0
2012-08-27,18.16,18.16,17.57,17.86,854200,0
2012-08-28,17.86,18.37,17.76,17.98,623900,0
2012-08-29,18.0,18.08,17.81,17.99,576900,0
2012-08-30,17.82,18.01,17.5,17.7,306300,0
2012-08-31,17.91,17.93,17.46,17.59,461800,0
2012-09-04,17.4,17.59,16.93,17.4,910000,0
2012-09-05,17.41,17.89,17.3,17.79,695800,0
2012-09-06,17.95,18.46,17.74,18.13,500500,0
2012-09-07,18.3,19.19,18.26,18.89,739900,0
2012-09-10,18.82,19.27,18.11,18.16,864000,0
2012-09-11,18.23,18.83,18.22,18.51,462100,0
2012-09-12,18.93,18.93,18.43,18.9,635200,0
2012-09-13,18.92,19.95,18.84,19.74,900300,0
2012-09-14,19.94,20.23,19.62,19.69,957100,0
2012-09-17,19.52,19.52,18.99,19.14,416300,0
2012-09-18,19.03,19.03,18.55,18.69,818500,0
2012-09-19,18.72,18.95,18.58,18.93,662700,0
2012-09-20,18.71,19.02,18.12,18.89,571500,0
2012-09-21,19.0,19.06,18.27,18.27,992700,0
2012-09-24,17.91,18.65,17.91,18.26,558000,0
2012-09-25,18.31,18.49,17.61,17.72,654200,0
2012-09-26,17.7,18.37,17.28,17.88,904800,0
2012-09-27,18.08,18.67,18.05,18.54,649000,0
2012-09-28,18.36,18.52,17.72,18.1,755200,0
2012-10-01,18.28,18.65,18.16,18.42,616000,0
2012-10-02,18.54,18.67,18.27,18.53,542900,0
2012-10-03,18.6,18.8,18.27,18.53,640200,0
2012-10-04,18.59,18.87,18.42,18.81,738100,0
2012-10-05,18.99,19.07,18.62,18.77,293100,0
2012-10-08,18.59,18.92,18.49,18.64,398900,0
2012-10-09,18.68,19.0,18.43,18.69,488500,0
2012-10-10,18.67,18.77,17.75,17.94,1000700,0
2012-10-11,18.21,19.15,18.17,18.85,1259400,0
2012-10-12,18.63,19.05,18.28,18.46,753100,0
2012-10-15,18.47,19.32,18.15,19.31,680100,0
2012-10-16,19.43,20.0,19.4,19.5,757200,0
2012-10-17,19.51,20.08,19.18,19.85,897000,0
2012-10-18,19.79,20.16,19.66,19.89,1142500,0
2012-10-19,19.93,20.55,19.72,19.79,1306100,0
2012-10-22,20.12,20.48,19.81,19.99,1052400,0
2012-10-23,19.6,19.76,19.3,19.7,552800,0
2012-10-24,19.76,19.82,19.06,19.2,577000,0
2012-10-25,19.41,19.62,18.92,18.99,805400,0
2012-10-26,20.0,22.31,19.58,21.2,3894900,0
2012-10-31,21.37,21.37,20.73,21.1,832800,0
2012-11-01,20.9,21.82,20.81,21.47,993300,0
2012-11-02,21.77,21.91,20.7,20.85,975400,0
2012-11-05,20.81,21.12,20.67,20.84,629200,0
2012-11-06,20.95,21.55,20.92,21.34,1010700,0
2012-11-07,20.82,20.82,19.48,19.62,1773200,0
2012-11-08,19.65,20.05,19.36,19.84,911800,0
2012-11-09,19.71,21.0,19.71,20.24,927500,0
2012-11-12,20.44,20.47,19.96,20.04,630200,0
2012-11-13,19.78,20.11,19.41,19.52,834300,0
2012-11-14,19.61,19.8,19.13,19.2,861900,0
2012-11-15,19.18,19.49,18.4,18.64,1115400,0
2012-11-16,18.66,19.05,18.12,18.75,866400,0
2012-11-19,19.07,19.89,19.02,19.76,726600,0
2012-11-20,19.6,19.91,19.39,19.53,489700,0
2012-11-21,19.46,19.59,19.18,19.47,430600,0
2012-11-23,19.5,19.78,19.2,19.44,324600,0
2012-11-26,19.31,19.34,18.84,19.16,522700,0
2012-11-27,19.02,19.7,18.78,19.03,497900,0
2012-11-28,18.67,19.26,18.61,19.26,591300,0
2012-11-29,19.45,19.82,18.99,19.09,858800,0
2012-11-30,19.12,19.5,18.85,18.97,880700,0
2012-12-03,19.21,19.37,18.62,18.85,624200,0
2012-12-04,18.84,19.14,18.28,18.58,650400,0
2012-12-05,18.65,19.52,18.65,19.34,942400,0
2012-12-06,19.38,19.82,19.29,19.51,490500,0
2012-12-07,19.58,19.86,19.32,19.65,727400,0
2012-12-10,19.67,19.98,19.31,19.76,721200,0
2012-12-11,19.86,20.3,19.73,20.05,1095500,0
2012-12-12,20.13,20.56,20.0,20.02,688500,0
2012-12-13,20.05,20.28,19.82,20.01,528900,0
2012-12-14,19.79,20.17,19.62,19.71,951300,0
2012-12-17,19.81,19.88,19.36,19.5,1003700,0
2012-12-18,19.54,20.07,19.47,20.04,608900,0
2012-12-19,20.03,20.21,19.63,19.75,620700,0
2012-12-20,19.71,19.88,19.44,19.64,618900,0
2012-12-21,19.27,19.72,19.01,19.58,1302300,0
2012-12-24,19.36,19.52,19.13,19.4,236400,0
2012-12-26,19.49,19.7,19.05,19.27,456400,0
2012-12-27,19.25,19.38,18.71,19.11,573700,0
2012-12-28,18.95,19.03,18.75,18.85,454500,0
2012-12-31,18.78,19.57,18.76,19.33,1066900,0
2013-01-02,19.89,19.99,18.78,19.22,1022400,0
2013-01-03,19.21,19.55,19.06,19.31,556300,0
2013-01-04,19.39,19.51,19.16,19.46,604600,0
2013-01-07,18.46,19.22,18.46,19.08,980500,0
2013-01-08,19.08,19.19,18.65,18.87,938900,0
2013-01-09,18.94,19.22,18.68,18.82,779300,0
2013-01-10,18.89,19.04,18.6,18.75,704600,0
2013-01-11,18.77,18.78,18.44,18.5,1102100,0
2013-01-14,18.47,18.83,18.37,18.6,827700,0
2013-01-15,18.45,18.58,18.19,18.45,900600,0
2013-01-16,18.43,18.6,18.25,18.32,752100,0
2013-01-17,18.41,18.65,18.34,18.41,1138000,0
2013-01-18,18.38,18.59,18.13,18.36,992600,0
2013-01-22,18.38,18.56,18.15,18.5,909200,0
2013-01-23,18.42,18.55,18.29,18.48,830300,0
2013-01-24,18.44,18.9,18.23,18.51,987800,0
2013-01-25,18.51,18.54,18.27,18.48,510100,0
2013-01-28,18.55,18.57,17.77,17.94,947100,0
2013-01-29,17.97,18.41,17.87,18.11,980000,0
2013-01-30,18.11,18.22,17.28,17.41,1536600,0
2013-01-31,17.47,17.66,17.21,17.51,816500,0
2013-02-01,17.62,17.75,17.39,17.52,691300,0
2013-02-04,17.41,17.54,17.21,17.28,462600,0
2013-02-05,17.31,17.36,16.9,16.94,1026100,0
2013-02-06,16.85,16.9,16.45,16.79,1494700,0
2013-02-07,16.77,17.12,16.77,16.97,1032200,0
2013-02-08,17.0,17.13,16.75,17.06,380800,0
2013-02-11,17.05,17.15,16.74,16.89,557500,0
2013-02-12,16.88,17.0,16.75,16.95,744300,0
2013-02-13,16.93,17.15,16.76,16.95,1217700,0
2013-02-14,16.68,16.97,16.05,16.66,1702900,0
2013-02-15,16.71,16.8,16.29,16.58,982500,0
2013-02-19,16.58,16.64,16.1,16.45,781000,0
2013-02-20,16.38,16.46,15.44,15.56,1770500,0
2013-02-21,15.49,16.12,15.47,15.93,1230300,0
2013-02-22,16.01,16.26,15.88,16.26,1300100,0
2013-02-25,16.35,16.45,15.92,15.93,1575000,0
2013-02-26,15.98,16.79,15.93,16.76,1596600,0
2013-02-27,16.71,17.41,16.7,17.2,1413300,0
2013-02-28,17.14,17.7,17.07,17.14,1374900,0
2013-03-01,17.38,17.47,16.55,16.72,1419800,0
2013-03-04,17.01,17.23,16.52,16.66,1401100,0
2013-03-05,16.82,17.32,16.55,16.65,1266700,0
2013-03-06,16.66,17.09,16.46,17.0,815700,0
2013-03-07,16.93,17.18,16.55,17.08,650900,0
2013-03-08,17.21,17.48,17.01,17.4,572600,0
2013-03-11,17.66,17.74,17.19,17.5,1233900,0
2013-03-12,17.44,17.83,17.31,17.63,833200,0
2013-03-13,17.62,17.85,17.26,17.74,957100,0
2013-03-14,17.73,18.28,17.67,18.27,1222700,0
2013-03-15,18.34,18.91,18.32,18.88,1375900,0
2013-03-18,18.65,19.42,18.65,19.05,1061800,0
2013-03-19,19.14,19.14,18.18,18.49,934900,0
2013-03-20,18.59,18.73,18.28,18.57,487100,0
2013-03-21,18.43,18.81,18.25,18.35,686400,0
2013-03-22,18.41,18.66,18.16,18.22,764700,0
2013-03-25,18.3,18.58,18.06,18.53,716700,0
2013-03-26,18.66,18.88,18.45,18.81,477700,0
2013-03-27,18.64,19.04,18.41,18.91,626500,0
2013-03-28,18.88,19.0,18.6,18.78,1019800,0
2013-04-01,18.72,18.85,18.11,18.38,847900,0
2013-04-02,18.39,18.56,18.05,18.3,781400,0
2013-04-03,18.32,18.47,17.82,18.3,1322700,0
2013-04-04,18.24,18.95,17.94,18.37,700600,0
2013-04-05,18.15,18.72,18.0,18.62,860800,0
2013-04-08,18.68,18.9,18.54,18.76,477900,0
2013-04-09,18.85,19.25,18.8,18.97,818300,0
2013-04-10,19.02,19.32,18.98,19.23,706800,0
2013-04-11,19.18,19.37,18.86,19.12,668600,0
2013-04-12,19.08,19.23,18.5,18.94,975800,0
2013-04-15,18.72,18.77,17.86,18.21,937300,0
2013-04-16,18.41,18.51,18.0,18.38,755000,0
2013-04-17,18.21,18.21,17.77,18.17,773400,0
2013-04-18,18.34,19.7,18.26,19.19,1094300,0
2013-04-19,19.13,19.13,18.25,18.72,887900,0
2013-04-22,18.78,19.0,18.27,18.87,630000,0
2013-04-23,18.87,19.28,18.57,19.06,800600,0
2013-04-24,19.13,19.96,19.13,19.74,762400,0
2013-04-25,19.92,20.3,19.7,19.77,814100,0
2013-04-26,19.65,19.65,18.96,19.43,630200,0
2013-04-29,19.6,19.79,19.18,19.3,867200,0
2013-04-30,19.2,19.54,18.79,19.54,958900,0
2013-05-01,18.5,19.43,17.62,18.89,4556700,0
2013-05-02,19.06,19.25,18.49,18.56,965400,0
2013-05-03,18.74,19.27,18.68,18.96,832800,0
2013-05-06,19.03,19.03,18.61,18.69,802600,0
2013-05-07,18.77,19.06,18.52,18.71,679800,0
2013-05-08,18.73,19.28,18.57,19.09,883200,0
2013-05-09,19.03,19.18,18.45,18.91,561600,0
2013-05-10,18.88,18.88,18.21,18.54,662200,0
2013-05-13,18.51,18.68,18.04,18.15,786700,0
2013-05-14,18.08,18.34,17.94,18.14,652600,0
2013-05-15,18.01,18.38,17.64,18.25,529300,0
2013-05-16,18.3,18.66,18.02,18.41,686000,0
2013-05-17,18.46,18.82,18.35,18.75,503800,0
2013-05-20,18.76,19.59,18.71,19.46,770100,0
2013-05-21,19.46,19.81,19.13,19.62,805000,0
2013-05-22,19.7,19.99,19.21,19.47,623300,0
2013-05-23,19.24,19.56,18.92,19.47,489800,0
2013-05-24,19.37,19.53,19.21,19.43,368700,0
2013-05-28,19.68,19.88,19.46,19.72,512700,0
2013-05-29,19.6,19.77,19.35,19.37,348900,0
2013-05-30,19.33,19.8,19.28,19.55,405100,0
2013-05-31,19.44,19.61,19.07,19.2,468900,0
2013-06-03,19.21,19.74,19.01,19.58,795700,0
2013-06-04,19.51,19.74,19.17,19.48,556600,0
2013-06-05,19.37,19.37,18.7,18.98,1844200,0
2013-06-06,18.92,19.11,18.58,18.71,496000,0
2013-06-07,18.69,18.87,18.26,18.47,546400,0
2013-06-10,18.41,18.66,18.11,18.41,319500,0
2013-06-11,18.14,18.3,17.92,18.06,675600,0
2013-06-12,18.22,18.63,17.89,18.01,382400,0
2013-06-13,17.85,18.37,17.77,18.16,599800,0
2013-06-14,18.16,18.21,17.3,17.66,744400,0
2013-06-17,17.8,18.07,17.51,17.78,616600,0
2013-06-18,17.74,18.0,17.68,17.8,433600,0
2013-06-19,17.73,17.79,17.26,17.49,832200,0
2013-06-20,17.22,17.35,16.7,17.02,609400,0
2013-06-21,17.05,17.38,17.0,17.18,1402500,0
2013-06-24,16.95,17.1,16.19,16.75,1228800,0
2013-06-25,16.86,16.99,16.24,16.59,1357100,0
2013-06-26,16.66,16.8,16.34,16.53,1062700,0
2013-06-27,16.59,16.79,16.17,16.37,1060000,0
2013-06-28,16.37,16.7,16.25,16.48,793400,0
2013-07-01,16.61,16.87,16.3,16.56,1018000,0
2013-07-02,16.56,16.87,16.08,16.19,1134300,0
2013-07-03,16.09,16.24,15.89,15.98,689000,0
2013-07-05,16.08,16.21,15.68,16.05,955100,0
2013-07-08,16.12,16.44,16.0,16.29,875400,0
2013-07-09,16.39,16.67,16.35,16.4,825300,0
2013-07-10,16.47,16.58,16.22,16.47,404100,0
2013-07-11,16.71,16.98,16.57,16.92,633800,0
2013-07-12,16.34,16.63,15.86,16.3,2141900,0
2013-07-15,16.3,16.51,16.08,16.3,603300,0
2013-07-16,16.31,16.4,16.11,16.3,353600,0
2013-07-17,16.39,16.83,16.37,16.79,742700,0
2013-07-18,16.76,17.43,16.76,17.38,754100,0
2013-07-19,17.29,17.35,16.9,17.0,596800,0
2013-07-22,16.97,17.04,16.76,16.87,440300,0
2013-07-23,17.02,17.19,16.79,17.04,502800,0
2013-07-24,17.0,17.0,16.09,16.43,595500,0
2013-07-25,16.38,16.98,16.36,16.81,556500,0
2013-07-26,16.74,17.06,16.73,16.95,311600,0
2013-07-29,17.0,17.0,16.18,16.68,752500,0
2013-07-30,16.55,16.63,16.24,16.44,716000,0
2013-07-31,16.17,16.58,15.52,16.03,1042800,0
2013-08-01,16.18,16.57,16.0,16.13,601800,0
2013-08-02,16.05,16.2,15.7,15.99,675800,0
2013-08-05,15.87,16.39,15.76,16.38,661600,0
2013-08-06,16.3,16.52,16.06,16.36,790400,0
2013-08-07,16.4,16.45,16.03,16.07,466800,0
2013-08-08,16.11,16.37,16.05,16.36,585700,0
2013-08-09,16.4,17.02,16.26,16.95,577900,0
2013-08-12,16.87,17.24,16.66,16.86,480900,0
2013-08-13,16.89,16.89,16.05,16.17,596800,0
2013-08-14,16.15,16.63,16.15,16.41,504300,0
2013-08-15,16.26,16.63,15.98,16.51,604300,0
2013-08-16,16.45,16.63,16.1,16.21,306900,0
2013-08-19,16.2,16.2,15.65,15.78,365200,0
2013-08-20,15.73,15.95,15.66,15.71,496500,0
2013-08-21,15.62,15.63,15.15,15.42,788700,0
2013-08-22,15.56,16.25,15.56,16.08,401400,0
2013-08-23,16.07,16.29,15.91,16.18,481700,0
2013-08-26,16.24,16.47,16.05,16.34,636500,0
2013-08-27,16.24,16.48,16.07,16.28,607400,0
2013-08-28,16.35,16.41,16.12,16.28,381900,0
2013-08-29,16.28,16.4,15.75,15.92,715800,0
2013-08-30,15.89,15.97,15.55,15.74,1129300,0
2013-09-03,15.93,16.32,15.47,15.63,845100,0
2013-09-04,15.57,15.63,15.25,15.54,837000,0
2013-09-05,15.57,15.73,15.47,15.6,581800,0
2013-09-06,15.86,16.02,15.69,15.84,908100,0
2013-09-09,15.84,15.91,15.67,15.68,1623500,0
2013-09-10,15.83,15.99,15.16,15.66,1482000,0
2013-09-11,15.7,15.74,15.36,15.53,785700,0
2013-09-12,15.47,15.78,15.19,15.75,847100,0
2013-09-13,15.81,15.87,15.36,15.46,710200,0
2013-09-16,15.59,15.66,15.16,15.23,754600,0
2013-09-17,15.19,15.58,15.19,15.51,556600,0
2013-09-18,15.6,15.74,15.31,15.52,738100,0
2013-09-19,15.6,15.62,15.36,15.38,514600,0
2013-09-20,15.39,15.43,14.89,14.9,1658900,0
2013-09-23,14.94,15.18,14.76,14.84,739200,0
2013-09-24,14.86,15.25,14.71,15.07,918100,0
2013-09-25,15.13,15.56,15.07,15.2,762100,0
2013-09-26,15.29,15.56,15.15,15.2,610500,0
2013-09-27,14.92,15.06,14.48,14.5,1236800,0
2013-09-30,14.33,14.67,14.25,14.67,699200,0
2013-10-01,14.62,14.74,14.47,14.54,556000,0
2013-10-02,14.48,14.64,14.38,14.56,778300,0
2013-10-03,14.59,14.75,14.44,14.64,919800,0
2013-10-04,14.63,14.81,14.63,14.71,729400,0
2013-10-07,14.62,14.7,14.47,14.57,577100,0
2013-10-08,15.15,15.63,14.63,14.64,1149000,0
2013-10-09,14.69,14.69,14.46,14.49,676700,0
2013-10-10,14.58,14.62,14.52,14.59,587600,0
2013-10-11,14.56,14.94,14.56,14.9,786700,0
2013-10-14,14.82,15.22,14.74,15.09,572100,0
2013-10-15,15.13,15.43,15.04,15.07,519900,0
2013-10-16,15.06,15.06,14.81,14.95,482200,0
2013-10-17,15.03,15.31,14.89,15.25,981800,0
2013-10-18,15.38,15.42,15.16,15.35,722800,0
2013-10-21,15.33,15.46,15.0,15.09,472500,0
2013-10-22,15.15,15.34,15.05,15.08,1082200,0
2013-10-23,15.0,15.08,14.65,14.86,776700,0
2013-10-24,14.89,15.2,14.8,15.1,696300,0
2013-10-25,15.2,15.37,15.0,15.31,558600,0
2013-10-28,15.3,16.07,15.18,15.98,1186700,0
2013-10-29,16.09,16.24,15.74,15.9,1349100,0
2013-10-30,15.8,16.49,15.8,16.17,1223500,0
2013-10-31,16.19,16.36,15.6,15.61,982100,0
2013-11-01,15.6,15.86,15.56,15.69,1029900,0
2013-11-04,15.84,16.71,15.7,16.44,1488600,0
2013-11-05,16.38,16.43,15.99,16.28,879800,0
2013-11-06,16.34,16.42,15.85,16.09,482900,0
2013-11-07,16.11,16.45,15.94,16.06,515000,0
2013-11-08,16.05,16.38,16.04,16.24,503000,0
2013-11-11,16.26,16.31,15.87,16.05,336000,0
2013-11-12,16.05,16.27,15.96,16.23,579000,0
2013-11-13,16.17,16.32,15.99,16.23,304400,0
2013-11-14,16.19,16.23,15.95,15.99,318900,0
2013-11-15,15.96,16.69,15.96,16.61,661300,0
2013-11-18,16.61,16.61,16.05,16.11,580400,0
2013-11-19,16.21,16.42,16.07,16.2,643900,0
2013-11-20,16.22,16.39,15.9,16.08,696000,0
2013-11-21,16.08,16.2,15.85,16.1,601600,0
2013-11-22,16.16,16.42,15.9,16.33,568100,0
2013-11-25,16.34,16.61,16.34,16.44,528900,0
2013-11-26,16.56,16.56,16.06,16.26,736300,0
2013-11-27,16.22,16.57,16.22,16.57,532200,0
2013-11-29,16.66,16.7,16.41,16.54,255000,0
2013-12-02,16.51,16.76,16.39,16.71,385700,0
2013-12-03,16.69,17.21,16.62,17.21,897400,0
2013-12-04,17.16,17.31,16.92,17.07,479800,0
2013-12-05,16.98,17.84,16.79,17.78,1173200,0
2013-12-06,17.88,18.22,17.8,17.88,893600,0
2013-12-09,17.92,18.19,17.83,18.18,789900,0
2013-12-10,18.29,18.58,18.13,18.38,1871000,0
2013-12-11,18.34,18.34,17.82,18.02,839100,0
2013-12-12,18.01,18.01,17.57,17.59,474800,0
2013-12-13,17.58,17.67,17.38,17.57,520800,0
2013-12-16,17.57,17.6,17.33,17.48,477600,0
2013-12-17,17.4,17.51,16.89,17.13,900500,0
2013-12-18,17.09,17.55,17.06,17.31,672700,0
2013-12-19,17.28,18.15,17.15,17.79,921400,0
2013-12-20,17.88,17.94,17.27,17.48,1245000,0
2013-12-23,17.45,17.86,17.45,17.68,351000,0
2013-12-24,17.68,17.99,17.66,17.78,157400,0
2013-12-26,17.8,17.88,17.66,17.68,303100,0
2013-12-27,17.76,18.19,17.69,18.15,263400,0
2013-12-30,18.14,18.35,17.77,17.83,474200,0
2013-12-31,17.89,18.1,17.76,18.0,444500,0
2014-01-02,17.94,18.45,17.94,18.08,443100,0
2014-01-03,18.11,18.23,17.44,17.52,712700,0
2014-01-06,17.51,17.65,17.24,17.6,497300,0
2014-01-07,17.65,17.73,17.39,17.69,430400,0
2014-01-08,17.65,17.9,17.22,17.3,847100,0
2014-01-09,17.35,17.36,16.55,16.7,854400,0
2014-01-10,17.06,17.23,16.8,16.88,1154800,0
2014-01-13,16.9,17.0,16.27,16.31,1173000,0
2014-01-14,16.45,16.56,16.29,16.34,506000,0
2014-01-15,16.38,16.89,16.38,16.79,739300,0
2014-01-16,16.77,17.05,16.67,16.91,472700,0
2014-01-17,16.83,17.73,16.83,17.5,1212100,0
2014-01-21,17.56,17.82,17.39,17.62,1054100,0
2014-01-22,17.71,17.9,17.54,17.75,737700,0
2014-01-23,18.15,18.87,17.54,17.73,1104500,0
2014-01-24,17.54,18.07,17.04,18.05,1349200,0
2014-01-27,18.14,18.55,18.0,18.46,1490700,0
2014-01-28,18.54,18.98,18.44,18.94,1185800,0
2014-01-29,18.78,19.09,18.52,18.76,1418600,0
2014-01-30,18.84,19.14,18.67,18.82,896000,0
2014-01-31,18.54,18.99,18.52,18.73,913900,0
2014-02-03,18.76,18.84,18.5,18.57,750200,0
2014-02-04,18.62,19.59,18.48,19.31,1401200,0
2014-02-05,19.31,19.39,18.64,18.74,3489200,0
2014-02-06,18.72,19.1,18.66,18.71,1840000,0
2014-02-07,18.74,18.85,18.24,18.43,1205500,0
2014-02-10,18.41,18.51,18.07,18.23,608900,0
2014-02-11,18.32,18.69,18.27,18.61,631100,0
2014-02-12,18.76,18.97,18.57,18.65,771500,0
2014-02-13,18.58,18.78,18.34,18.72,1222300,0
2014-02-14,18.59,18.98,17.99,18.9,1379200,0
2014-02-18,18.55,18.59,18.04,18.15,1762300,0
2014-02-19,18.09,18.69,18.09,18.5,848500,0
2014-02-20,18.52,18.7,18.11,18.57,1007700,0
2014-02-21,18.55,18.72,18.35,18.37,642900,0
2014-02-24,18.42,18.85,18.15,18.42,724900,0
2014-02-25,18.32,18.32,17.91,18.02,684000,0
2014-02-26,18.08,18.36,17.69,18.34,736400,0
2014-02-27,18.27,19.06,18.15,19.05,999600,0
2014-02-28,19.08,19.44,18.81,19.4,886100,0
2014-03-03,19.17,19.66,19.07,19.43,739400,0
2014-03-04,19.53,19.71,19.35,19.41,723100,0
2014-03-05,19.38,19.59,19.15,19.38,528500,0
2014-03-06,19.44,19.74,19.33,19.61,518600,0
2014-03-07,19.72,19.8,19.21,19.78,800200,0
2014-03-10,19.67,19.91,19.38,19.9,970300,0
2014-03-11,19.89,20.19,19.86,20.08,1858900,0
2014-03-12,20.06,20.36,19.56,19.96,1446900,0
2014-03-13,20.09,20.2,19.48,19.49,1179000,0
2014-03-14,19.36,19.55,19.18,19.35,918900,0
2014-03-17,19.44,19.93,19.44,19.82,593700,0
2014-03-18,19.87,20.2,19.68,20.18,780200,0
2014-03-19,20.22,20.31,19.97,20.02,530200,0
2014-03-20,19.81,20.04,19.68,19.86,502300,0
2014-03-21,19.97,20.51,19.95,20.14,1146900,0
2014-03-24,20.14,20.6,20.13,20.31,671300,0
2014-03-25,20.43,21.15,20.31,21.12,1032700,0
2014-03-26,21.12,21.28,20.63,20.64,1647900,0
2014-03-27,20.73,21.02,20.73,20.9,1103300,0
2014-03-28,21.0,21.26,20.83,20.98,1640100,0
2014-03-31,21.11,21.22,20.83,21.14,1629000,0
2014-04-01,21.31,21.47,21.05,21.27,1133200,0
2014-04-02,21.4,21.94,21.2,21.7,954900,0
2014-04-03,21.78,22.0,21.65,21.86,976700,0
2014-04-04,22.0,22.43,21.85,21.87,943600,0
2014-04-07,21.83,21.97,21.44,21.51,860000,0
2014-04-08,21.62,22.13,21.59,21.96,1162400,0
2014-04-09,21.94,22.09,21.34,21.62,639900,0
2014-04-10,21.67,21.8,21.23,21.28,826600,0
2014-04-11,21.05,21.25,20.81,20.95,786800,0
2014-04-14,21.03,21.03,20.16,20.34,1581700,0
2014-04-15,20.43,20.75,19.9,20.71,1051800,0
2014-04-16,20.62,20.88,20.01,20.74,1100400,0
2014-04-17,20.76,20.86,20.28,20.75,954200,0
2014-04-21,20.82,21.54,20.73,21.5,682900,0
2014-04-22,21.58,21.65,20.76,21.01,1347200,0
2014-04-23,21.04,21.41,20.95,21.24,683500,0
2014-04-24,21.29,21.73,21.18,21.35,532600,0
2014-04-25,21.21,21.55,20.85,20.88,792100,0
2014-04-28,21.05,21.05,20.17,20.17,1586800,0
2014-04-29,20.18,20.55,19.8,20.44,2450100,0
2014-04-30,19.24,20.05,19.23,19.69,2638000,0
2014-05-01,19.53,19.93,19.36,19.91,1164800,0
2014-05-02,20.02,20.54,19.99,20.01,581800,0
2014-05-05,19.93,20.01,19.25,19.26,786500,0
2014-05-06,19.22,19.28,18.84,19.1,1195500,0
2014-05-07,19.15,19.35,19.01,19.21,738900,0
2014-05-08,19.21,19.29,18.83,18.95,702900,0
2014-05-09,18.91,19.24,18.87,19.2,653000,0
2014-05-12,19.39,19.63,19.31,19.47,1168700,0
2014-05-13,19.49,19.5,18.92,18.96,2040100,0
2014-05-14,18.98,19.2,18.82,18.91,1166100,0
2014-05-15,18.82,19.15,18.44,19.07,1060000,0
2014-05-16,19.02,19.23,18.68,19.18,738600,0
2014-05-19,19.16,19.34,18.99,19.05,1077000,0
2014-05-20,19.05,19.1,18.53,18.7,1252100,0
2014-05-21,18.79,18.82,18.18,18.43,1080500,0
2014-05-22,18.43,18.59,18.1,18.12,1005200,0
2014-05-23,18.13,18.35,18.05,18.18,792800,0
2014-05-27,18.21,18.55,18.19,18.42,896300,0
2014-05-28,18.4,18.4,17.74,18.11,1242000,0
2014-05-29,18.29,18.53,18.15,18.42,812400,0
2014-05-30,18.35,18.69,18.2,18.47,1143400,0
2014-06-02,18.43,18.51,18.0,18.39,1466200,0
2014-06-03,18.34,18.48,18.21,18.27,1053900,0
2014-06-04,18.17,18.66,18.11,18.59,640800,0
2014-06-05,18.64,19.07,18.5,18.98,657800,0
2014-06-06,19.09,19.3,18.81,19.1,530800,0
2014-06-09,19.1,19.23,18.97,19.04,353900,0
2014-06-10,19.04,19.45,18.88,18.95,598000,0
2014-06-11,18.92,19.45,18.86,19.42,497400,0
2014-06-12,19.39,19.39,18.84,18.95,530500,0
2014-06-13,18.96,19.26,18.83,19.22,461700,0
2014-06-16,19.19,19.28,18.86,19.02,468700,0
2014-06-17,19.06,19.3,18.96,19.11,420300,0
2014-06-18,19.15,19.44,19.0,19.42,505700,0
2014-06-19,19.45,19.66,19.37,19.46,744500,0
2014-06-20,19.52,19.84,19.39,19.55,1008000,0
2014-06-23,19.7,19.74,19.03,19.15,649100,0
2014-06-24,19.15,19.22,18.21,18.39,1298900,0
2014-06-25,18.36,18.62,18.27,18.38,671400,0
2014-06-26,18.38,18.56,18.21,18.27,726800,0
2014-06-27,18.18,18.52,18.14,18.34,702700,0
2014-06-30,18.28,18.49,18.08,18.42,566300,0
2014-07-01,18.45,18.55,17.79,17.82,1198300,0
2014-07-02,17.75,18.03,17.64,17.71,1210800,0
2014-07-03,17.75,17.9,17.62,17.78,503700,0
2014-07-07,17.69,17.69,17.18,17.24,634900,0
2014-07-08,17.12,17.29,16.68,16.87,1238400,0
2014-07-09,16.93,16.93,16.53,16.69,972400,0
2014-07-10,16.38,16.81,16.38,16.73,915600,0
2014-07-11,16.7,16.89,16.56,16.71,757300,0
2014-07-14,16.75,16.79,16.62,16.65,500200,0
2014-07-15,16.64,16.86,16.41,16.78,804300,0
2014-07-16,16.78,17.18,16.74,17.0,1062800,0
2014-07-17,16.91,16.91,15.99,16.07,995100,0
2014-07-18,16.02,16.29,16.01,16.13,939500,0
2014-07-21,16.0,16.05,15.79,15.83,597100,0
2014-07-22,15.9,16.0,15.86,15.88,729800,0
2014-07-23,15.86,15.88,15.48,15.81,982600,0
2014-07-24,15.9,16.23,15.84,16.12,668400,0
2014-07-25,15.98,16.01,15.82,15.85,592700,0
2014-07-28,15.85,15.98,15.37,15.43,1330800,0
2014-07-29,15.49,15.69,15.33,15.34,1783000,0
2014-07-30,16.01,16.36,15.52,15.52,1674300,0
2014-07-31,15.33,15.73,15.27,15.48,1344300,0
2014-08-01,15.47,15.66,15.4,15.53,803400,0
2014-08-04,15.59,15.78,15.47,15.76,642200,0
2014-08-05,15.63,15.82,15.48,15.58,605700,0
2014-08-06,15.59,15.9,15.55,15.81,626100,0
2014-08-07,15.89,15.99,15.63,15.66,615300,0
2014-08-08,15.68,15.88,15.56,15.71,491900,0
2014-08-11,15.76,15.95,15.72,15.78,470500,0
2014-08-12,15.75,15.84,15.3,15.37,455800,0
2014-08-13,15.38,15.47,15.21,15.38,496600,0
2014-08-14,15.39,15.6,15.23,15.57,465100,0
2014-08-15,15.65,15.7,15.3,15.49,621700,0
2014-08-18,15.57,15.76,15.41,15.53,578500,0
2014-08-19,15.57,15.85,15.57,15.66,779600,0
2014-08-20,15.6,15.75,15.4,15.72,527800,0
2014-08-21,15.75,15.97,15.48,15.65,380300,0
2014-08-22,15.63,16.01,15.4,15.86,779700,0
2014-08-25,15.94,15.96,15.3,15.32,446200,0
2014-08-26,15.35,15.72,15.28,15.64,653500,0
2014-08-27,15.67,15.81,15.57,15.75,335000,0
2014-08-28,15.64,15.71,15.38,15.42,443300,0
2014-08-29,15.46,15.71,15.34,15.71,420700,0
2014-09-02,15.65,15.66,14.17,14.44,3495000,0
2014-09-03,14.39,14.45,14.06,14.23,1787300,0
2014-09-04,14.25,14.74,14.19,14.23,1357900,0
2014-09-05,14.17,14.27,13.93,13.96,1155400,0
2014-09-08,13.95,14.07,13.69,13.71,987800,0
2014-09-09,13.7,13.92,13.6,13.71,860900,0
2014-09-10,13.7,13.79,13.5,13.6,484300,0
2014-09-11,13.57,13.63,13.43,13.58,521800,0
2014-09-12,13.58,13.58,13.45,13.51,623200,0
2014-09-15,13.49,13.61,13.35,13.37,541000,0
2014-09-16,13.31,13.45,13.21,13.29,696800,0
2014-09-17,13.38,13.42,13.24,13.32,657300,0
2014-09-18,13.28,13.37,13.0,13.36,1175300,0
2014-09-19,13.35,13.53,13.23,13.31,1437400,0
2014-09-22,13.22,13.22,12.6,12.64,1303500,0
2014-09-23,12.67,12.89,12.61,12.72,1007000,0
2014-09-24,12.8,12.8,12.45,12.6,926000,0
2014-09-25,12.57,12.57,12.17,12.33,982000,0
2014-09-26,12.24,12.38,12.13,12.32,975800,0
2014-09-29,12.16,12.35,12.1,12.24,986100,0
2014-09-30,12.27,12.66,12.16,12.62,1423800,0
2014-10-01,12.58,12.62,12.17,12.32,1538400,0
2014-10-02,12.32,12.44,12.04,12.08,1801100,0
2014-10-03,12.14,12.14,11.71,11.75,1597900,0
2014-10-06,11.79,11.85,11.48,11.6,1584900,0
2014-10-07,11.48,11.61,11.34,11.36,1744800,0
2014-10-08,11.34,11.37,10.62,11.16,2679900,0
2014-10-09,11.14,11.16,10.45,10.54,1347100,0
2014-10-10,10.45,10.76,10.37,10.47,1193300,0
2014-10-13,10.57,10.85,10.22,10.44,1536500,0
2014-10-14,10.54,10.7,10.21,10.27,1672900,0
2014-10-15,10.14,10.47,9.82,10.37,1741200,0
2014-10-16,10.61,11.22,10.41,11.1,2184400,0
2014-10-17,11.19,11.42,10.91,10.92,966200,0
2014-10-20,10.94,11.17,10.74,10.82,787600,0
2014-10-21,10.9,11.39,10.9,11.37,793300,0
2014-10-22,11.41,11.41,10.71,10.73,884400,0
2014-10-23,10.79,11.05,10.7,10.87,595400,0
2014-10-24,10.9,11.12,10.75,11.06,612800,0
2014-10-27,10.96,10.96,10.48,10.6,848300,0
2014-10-28,10.65,11.72,10.64,11.65,1305000,0
2014-10-29,11.7,11.74,11.23,11.4,1248200,0
2014-10-30,11.42,12.04,10.91,11.37,1613100,0
2014-10-31,11.52,11.98,11.23,11.97,1255800,0
2014-11-03,12.02,12.34,11.74,11.94,984300,0
2014-11-04,11.9,12.15,11.75,12.12,923900,0
2014-11-05,12.27,13.23,12.1,13.07,2107600,0
2014-11-06,13.05,13.48,13.0,13.17,1103800,0
2014-11-07,13.25,13.84,13.2,13.6,1640200,0
2014-11-10,13.82,13.96,12.94,13.03,1592800,0
2014-11-11,13.03,13.31,12.86,12.93,1202700,0
2014-11-12,12.92,13.44,12.72,13.14,1177300,0
2014-11-13,13.1,13.33,12.38,12.59,857600,0
2014-11-14,12.6,12.88,12.49,12.67,1252900,0
2014-11-17,12.65,12.91,12.32,12.76,1036300,0
2014-11-18,12.59,13.15,12.39,12.55,921600,0
2014-11-19,12.42,12.42,11.11,11.43,3827300,0
2014-11-20,11.87,12.26,11.75,12.11,1991700,0
2014-11-21,12.34,12.76,12.22,12.69,1362000,0
2014-11-24,12.69,12.98,12.28,12.52,1242700,0
2014-11-25,12.61,12.83,12.16,12.18,1027100,0
2014-11-26,12.11,12.29,11.89,12.25,816900,0
2014-11-28,11.88,11.9,11.5,11.67,798800,0
2014-12-01,11.26,11.32,10.59,10.96,2258900,0
2014-12-02,10.76,11.13,10.55,10.64,1286600,0
2014-12-03,10.71,11.26,10.71,11.17,1044100,0
2014-12-04,11.07,11.27,10.61,10.67,2051000,0
2014-12-05,10.59,11.21,10.56,10.68,1128300,0
2014-12-08,10.59,10.67,9.76,9.84,1470400,0
2014-12-09,9.71,10.17,9.65,10.1,1624000,0
2014-12-10,10.02,10.2,9.27,9.38,1621900,0
2014-12-11,9.38,9.58,9.05,9.1,1436400,0
2014-12-12,9.09,9.43,8.91,9.12,1330500,0
2014-12-15,9.21,9.41,9.0,9.16,1309900,0
2014-12-16,9.14,9.63,9.1,9.36,1445300,0
2014-12-17,9.41,9.99,9.32,9.9,1061400,0
2014-12-18,10.12,10.19,9.86,9.9,1281200,0
2014-12-19,9.94,10.22,9.75,10.16,1808200,0
2014-12-22,10.08,10.12,9.64,9.74,1136600,0
2014-12-23,9.78,10.1,9.63,9.71,1257800,0
2014-12-24,9.71,9.72,9.45,9.45,424500,0
2014-12-26,9.47,9.55,9.25,9.28,1114500,0
2014-12-29,9.31,9.46,9.16,9.18,1546900,0
2014-12-30,9.2,9.32,9.11,9.18,1360500,0
2014-12-31,9.18,9.37,8.98,9.18,1241800,0
2015-01-02,9.19,9.36,9.03,9.26,1009400,0
2015-01-05,9.15,9.27,8.66,8.83,1272500,0
2015-01-06,8.81,8.98,8.42,8.5,1466400,0
2015-01-07,8.66,8.67,8.37,8.37,1686400,0
2015-01-08,8.47,8.72,8.35,8.68,1857500,0
2015-01-09,8.69,8.71,8.43,8.55,750100,0
2015-01-12,8.41,8.48,8.22,8.3,1477500,0
2015-01-13,8.34,8.38,8.11,8.29,1326300,0
2015-01-14,8.11,8.22,7.77,8.12,1371600,0
2015-01-15,8.32,8.36,7.93,8.0,1658500,0
2015-01-16,7.96,8.13,7.85,7.95,1264400,0
2015-01-20,8.0,8.11,7.56,7.64,1710800,0
2015-01-21,7.66,7.86,7.57,7.7,1633900,0
2015-01-22,7.74,7.76,7.42,7.47,1925400,0
2015-01-23,7.39,7.41,7.15,7.21,2108500,0
2015-01-26,7.23,7.38,7.08,7.23,1256500,0
2015-01-27,7.04,7.32,6.93,7.25,1416000,0
2015-01-28,7.29,7.29,6.76,6.81,1531900,0
2015-01-29,6.81,6.89,6.51,6.62,1454200,0
2015-01-30,6.54,6.84,6.48,6.79,1377600,0
2015-02-02,6.8,7.05,6.77,6.89,1808200,0
2015-02-03,7.01,7.43,6.83,7.2,2863700,0
2015-02-04,7.12,7.37,6.78,7.06,2743500,0
2015-02-05,7.14,7.67,7.11,7.45,1614400,0
2015-02-06,7.35,7.53,7.0,7.07,2004100,0
2015-02-09,7.11,7.82,7.09,7.78,2101100,0
2015-02-10,7.76,7.85,7.38,7.8,1912800,0
2015-02-11,7.7,7.82,7.37,7.56,3010800,0
2015-02-12,7.75,7.77,7.34,7.43,2000400,0
2015-02-13,7.52,8.03,7.51,7.98,2492200,0
2015-02-17,7.95,8.22,7.88,8.21,2857400,0
2015-02-18,8.29,8.62,7.8,7.82,2882100,0
2015-02-19,7.75,8.53,7.75,8.2,3874200,0
2015-02-20,8.23,8.38,8.16,8.18,2885700,0
2015-02-23,8.18,8.18,7.81,8.11,2316500,0
2015-02-24,8.29,8.45,8.18,8.37,1676600,0
2015-02-25,8.36,8.69,8.28,8.53,1352200,0
2015-02-26,8.57,8.57,8.09,8.11,1236000,0
2015-02-27,8.16,8.54,8.13,8.29,2988000,0
2015-03-02,8.11,8.17,7.81,7.96,2239500,0
2015-03-03,7.95,7.97,7.68,7.74,1711400,0
2015-03-04,7.67,7.68,7.37,7.48,2062000,0
2015-03-05,7.44,7.49,7.21,7.38,1593500,0
2015-03-06,7.3,7.44,7.19,7.29,1920900,0
2015-03-09,7.29,7.39,6.71,6.78,2796100,0
2015-03-10,6.71,6.85,6.51,6.6,2464300,0
2015-03-11,6.63,6.67,6.4,6.63,1494900,0
2015-03-12,6.69,6.77,6.07,6.13,3891500,0
2015-03-13,6.09,6.15,5.78,5.88,3472500,0
2015-03-16,5.88,5.93,5.62,5.87,2265100,0
2015-03-17,5.86,6.03,5.83,5.97,1302900,0
2015-03-18,5.89,6.42,5.82,6.37,2332100,0
2015-03-19,6.26,6.43,6.12,6.24,1370500,0
2015-03-20,6.3,6.45,6.23,6.39,2604200,0
2015-03-23,6.39,6.45,6.15,6.33,1733400,0
2015-03-24,6.29,6.53,6.24,6.51,1061100,0
2015-03-25,6.56,6.74,6.47,6.51,1495100,0
2015-03-26,6.56,6.74,6.16,6.21,1957300,0
2015-03-27,6.15,6.19,5.72,5.87,2047900,0
2015-03-30,5.89,6.2,5.85,6.1,1764100,0
2015-03-31,6.01,6.02,5.81,5.82,1563700,0
2015-04-01,5.84,5.95,5.8,5.88,1470700,0
2015-04-02,5.85,5.87,5.76,5.82,1898300,0
2015-04-06,5.87,6.0,5.85,5.94,1353000,0
2015-04-07,5.96,6.25,5.83,6.13,1690400,0
2015-04-08,6.18,6.23,5.84,5.93,1303700,0
2015-04-09,5.93,6.08,5.82,6.01,1072600,0
2015-04-10,6.02,6.11,5.81,5.91,864600,0
2015-04-13,5.84,5.95,5.74,5.77,914400,0
2015-04-14,5.78,6.04,5.78,5.97,1316400,0
2015-04-15,6.03,6.5,5.91,6.42,2153900,0
2015-04-16,6.43,6.6,6.17,6.35,1572300,0
2015-04-17,6.32,6.43,6.21,6.25,1150100,0
2015-04-20,6.25,6.37,6.18,6.22,1758600,0
2015-04-21,6.21,6.28,5.89,5.93,1504100,0
2015-04-22,5.94,6.06,5.91,6.0,1197200,0
2015-04-23,6.04,6.1,5.91,5.99,1196000,0
2015-04-24,6.0,6.16,5.91,5.96,1159100,0
2015-04-27,5.96,6.28,5.94,5.95,1530500,0
2015-04-28,5.97,6.22,5.97,6.05,1212700,0
2015-04-29,6.03,6.15,5.97,6.08,1582600,0
2015-04-30,6.1,6.76,5.98,6.49,3132800,0
2015-05-01,6.55,6.64,6.15,6.52,3965800,0
2015-05-04,6.55,7.1,6.53,7.02,2873700,0
2015-05-05,7.07,7.39,6.93,7.22,3461100,0
2015-05-06,7.28,7.3,6.3,6.5,3362400,0
2015-05-07,6.43,6.49,6.24,6.25,1300300,0
2015-05-08,6.31,6.64,6.26,6.53,1635400,0
2015-05-11,6.53,6.69,6.45,6.55,1152800,0
2015-05-12,6.58,6.72,6.52,6.63,1339700,0
2015-05-13,6.65,6.67,6.37,6.5,1254100,0
2015-05-14,6.56,6.77,6.44,6.74,1847200,0
2015-05-15,6.74,6.93,6.57,6.88,1640900,0
2015-05-18,6.88,6.9,6.29,6.4,2799900,0
2015-05-19,6.32,6.55,6.08,6.18,1978300,0
2015-05-20,6.22,6.37,6.1,6.26,1095700,0
2015-05-21,6.27,6.48,6.27,6.36,1284600,0
2015-05-22,6.32,6.36,6.11,6.16,877500,0
2015-05-26,6.26,6.3,6.01,6.13,1642100,0
2015-05-27,6.11,6.16,5.97,6.06,1310800,0
2015-05-28,6.01,6.06,5.87,5.89,1402400,0
2015-05-29,5.91,5.95,5.65,5.77,2110600,0
2015-06-01,5.49,5.5,5.09,5.18,4468800,0
2015-06-02,5.22,5.71,5.18,5.62,2641700,0
2015-06-03,5.58,5.65,5.42,5.54,1995400,0
2015-06-04,5.48,5.56,5.37,5.41,1986300,0
2015-06-05,5.35,5.45,5.25,5.38,1617600,0
2015-06-08,5.38,5.42,5.26,5.36,1110600,0
2015-06-09,5.39,5.5,5.21,5.23,1866400,0
2015-06-10,5.35,5.42,5.22,5.29,1756200,0
2015-06-11,5.31,5.32,5.07,5.1,1721500,0
2015-06-12,5.05,5.06,4.65,4.66,3142500,0
2015-06-15,4.61,4.66,4.46,4.48,2732400,0
2015-06-16,4.41,4.56,4.35,4.4,2098100,0
2015-06-17,4.42,4.64,4.41,4.61,2160600,0
2015-06-18,4.61,4.64,4.44,4.57,1326500,0
2015-06-19,4.52,4.65,4.47,4.64,3095100,0
2015-06-22,4.67,4.79,4.5,4.54,2073400,0
2015-06-23,4.6,4.72,4.44,4.65,1877700,0
2015-06-24,4.63,4.75,4.61,4.72,1187800,0
2015-06-25,4.72,4.81,4.7,4.76,1579900,0
2015-06-26,4.75,4.82,4.69,4.82,2558200,0
2015-06-29,4.74,5.22,4.72,5.13,3773000,0
2015-06-30,5.17,5.2,4.59,4.66,2701800,0
2015-07-01,4.66,4.66,4.2,4.22,4329200,0
2015-07-02,4.22,4.25,4.05,4.16,2388100,0
2015-07-06,4.08,4.11,3.92,4.08,2566700,0
2015-07-07,4.06,4.15,3.91,4.06,3067900,0
2015-07-08,4.04,4.1,3.9,3.94,3078900,0
2015-07-09,4.01,4.08,3.92,3.92,3042800,0
2015-07-10,3.99,4.07,3.94,3.95,2303700,0
2015-07-13,3.95,4.36,3.91,4.3,2644200,0
2015-07-14,4.24,4.41,4.21,4.21,1092000,0
2015-07-15,4.2,4.22,3.94,4.0,1803500,0
2015-07-16,4.02,4.06,3.96,3.97,2025100,0
2015-07-17,3.95,3.96,3.57,3.58,3403900,0
2015-07-20,3.68,3.68,3.26,3.41,3404400,0
2015-07-21,3.36,3.66,3.36,3.51,2107400,0
2015-07-22,3.48,3.5,3.28,3.32,4076600,0
2015-07-23,3.36,3.36,2.98,3.01,5289700,0
2015-07-24,2.98,3.37,2.94,3.19,4062900,0
2015-07-27,3.09,3.32,3.05,3.27,2705200,0
2015-07-28,3.3,3.53,3.1,3.51,2927500,0
2015-07-29,3.5,3.5,3.2,3.23,3741300,0
2015-07-30,3.23,3.34,3.0,3.25,3796900,0
2015-07-31,3.27,3.3,3.13,3.18,2128900,0
2015-08-03,3.13,3.13,2.86,2.91,3598000,0
2015-08-04,2.86,2.91,2.56,2.66,4609100,0
2015-08-05,2.65,2.73,2.52,2.53,2595300,0
2015-08-06,2.51,3.04,2.51,2.98,2624500,0
2015-08-07,2.89,3.02,2.58,2.61,2509900,0
2015-08-10,2.54,3.09,2.54,3.0,2768600,0
2015-08-11,2.88,3.05,2.75,2.9,1602600,0
2015-08-12,2.9,3.18,2.89,3.15,2529900,0
2015-08-13,3.06,3.2,2.83,2.95,1986500,0
2015-08-14,2.88,3.11,2.85,3.04,1646700,0
2015-08-17,2.99,3.03,2.91,3.02,1793400,0
2015-08-18,2.98,2.99,2.76,2.86,1498600,0
2015-08-19,2.92,3.14,2.82,3.11,2093900,0
2015-08-20,3.1,3.57,3.05,3.21,3410100,0
2015-08-21,3.15,3.47,3.11,3.33,2548400,0
2015-08-24,2.97,3.54,2.95,3.33,1707900,0
2015-08-25,3.43,3.53,3.35,3.36,1557700,0
2015-08-26,3.41,3.72,3.37,3.39,2224000,0
2015-08-27,3.49,4.41,3.45,3.95,4690900,0
2015-08-28,3.92,4.37,3.82,4.37,3521200,0
2015-08-31,4.4,4.79,4.33,4.78,3975900,0
2015-09-01,4.52,4.71,3.71,3.8,4931600,0
2015-09-02,3.88,4.06,3.75,3.88,1800200,0
2015-09-03,3.85,4.01,3.72,3.83,1206900,0
2015-09-04,3.8,3.91,3.66,3.86,1281900,0
2015-09-08,4.0,4.09,3.66,3.67,1829800,0
2015-09-09,3.71,3.86,3.44,3.45,2093500,0
2015-09-10,3.43,3.47,3.11,3.11,2297100,0
2015-09-11,3.04,3.09,2.94,3.0,1755800,0
2015-09-14,2.96,3.08,2.86,3.02,1505800,0
2015-09-15,3.0,3.07,2.95,2.99,1891300,0
2015-09-16,3.04,3.23,2.97,3.0,1785700,0
2015-09-17,3.01,3.25,2.96,3.03,1697200,0
2015-09-18,2.91,2.97,2.8,2.85,4359000,0
2015-09-21,2.85,2.95,2.8,2.86,1051500,0
2015-09-22,2.77,2.83,2.65,2.68,1353500,0
2015-09-23,2.67,2.75,2.51,2.54,1964400,0
2015-09-24,2.51,2.81,2.48,2.66,1614900,0
2015-09-25,2.68,2.68,2.43,2.59,1819100,0
2015-09-28,2.56,2.64,2.41,2.52,1562300,0
2015-09-29,2.51,2.6,2.49,2.52,1036500,0
2015-09-30,2.51,2.65,2.49,2.63,1121100,0
2015-10-01,2.65,2.76,2.51,2.57,1209400,0
2015-10-02,2.6,2.84,2.57,2.81,1194800,0
2015-10-05,2.82,3.0,2.77,2.88,1709600,0
2015-10-06,2.78,3.13,2.66,3.07,2752400,0
2015-10-07,3.13,3.18,2.89,3.1,2878600,0
2015-10-08,3.1,3.43,3.0,3.35,1997400,0
2015-10-09,3.37,3.49,3.23,3.34,833000,0
2015-10-12,3.31,3.34,3.02,3.05,1000600,0
2015-10-13,3.01,3.13,2.88,2.98,736400,0
2015-10-14,2.97,3.09,2.94,3.0,839200,0
2015-10-15,2.93,3.27,2.88,3.16,1922200,0
2015-10-16,3.18,3.22,2.99,3.07,1205000,0
2015-10-19,2.99,3.12,2.98,3.05,1328100,0
2015-10-20,3.03,3.08,2.98,3.02,1016300,0
2015-10-21,3.02,3.11,2.94,3.0,1100400,0
2015-10-22,3.03,3.16,2.97,3.07,1439300,0
2015-10-23,3.09,3.26,3.02,3.26,1844700,0
2015-10-26,3.25,3.25,2.83,2.85,1459600,0
2015-10-27,2.8,2.81,2.57,2.71,2756500,0
2015-10-28,3.2,3.28,2.88,3.0,5673500,0
2015-10-29,3.09,3.24,2.98,3.16,3108400,0
2015-10-30,3.18,3.18,2.85,2.97,2121600,0
2015-11-02,2.94,3.25,2.92,3.25,1751100,0
2015-11-03,3.22,3.55,3.21,3.43,2126700,0
2015-11-04,3.45,3.64,3.43,3.5,2444800,0
2015-11-05,3.5,3.71,3.46,3.6,1835300,0
2015-11-06,3.51,3.8,3.5,3.71,1705900,0
2015-11-09,3.75,3.83,3.52,3.55,1025000,0
2015-11-10,3.55,3.57,3.33,3.4,971600,0
2015-11-11,3.37,3.53,3.2,3.25,960600,0
2015-11-12,3.14,3.29,3.05,3.19,882300,0
2015-11-13,3.18,3.41,3.12,3.34,812300,0
2015-11-16,3.33,3.48,3.24,3.36,640300,0
2015-11-17,3.3,3.37,3.05,3.06,1551600,0
2015-11-18,3.08,3.33,3.07,3.22,1290100,0
2015-11-19,3.2,3.22,3.01,3.03,789300,0
2015-11-20,2.88,2.95,2.72,2.92,1665400,0
2015-11-23,2.95,2.96,2.78,2.8,1181900,0
2015-11-24,2.77,2.84,2.61,2.67,1439100,0
2015-11-25,2.65,2.76,2.56,2.68,1027900,0
2015-11-27,2.69,2.71,2.6,2.63,522800,0
2015-11-30,2.61,2.75,2.56,2.61,2081300,0
2015-12-01,2.64,2.92,2.62,2.7,1787100,0
2015-12-02,2.7,2.84,2.58,2.64,1267900,0
2015-12-03,2.64,2.71,2.59,2.64,1365400,0
2015-12-04,2.61,2.69,2.55,2.6,1248000,0
2015-12-07,2.57,2.58,2.4,2.51,1746400,0
2015-12-08,2.45,2.57,2.39,2.54,1300700,0
2015-12-09,2.54,2.61,2.25,2.32,1704500,0
2015-12-10,2.37,2.51,2.32,2.34,1192100,0
2015-12-11,2.34,2.36,2.22,2.3,1223500,0
2015-12-14,2.25,2.27,1.96,2.04,1772700,0
2015-12-15,2.02,2.2,2.0,2.19,980300,0
2015-12-16,2.16,2.26,2.05,2.08,1662200,0
2015-12-17,2.05,2.14,2.0,2.14,1630600,0
2015-12-18,2.08,2.15,2.0,2.09,2728800,0
2015-12-21,2.15,2.28,1.95,2.0,2147100,0
2015-12-22,2.04,2.11,1.98,2.09,1340900,0
2015-12-23,2.1,2.33,2.08,2.32,1342600,0
2015-12-24,2.36,2.41,2.27,2.29,507600,0
2015-12-28,2.25,2.28,2.13,2.21,795900,0
2015-12-29,2.23,2.28,2.2,2.23,1033800,0
2015-12-30,2.2,2.25,2.04,2.04,949700,0
2015-12-31,2.02,2.1,2.0,2.08,1131200,0
2016-01-04,2.03,2.25,2.02,2.21,1167100,0
2016-01-05,2.23,2.23,2.02,2.05,1346000,0
2016-01-06,2.01,2.04,1.97,1.98,1370300,0
2016-01-07,1.97,1.98,1.81,1.83,2289500,0
2016-01-08,1.9,1.92,1.74,1.84,2097100,0
2016-01-11,1.83,1.83,1.61,1.64,3011700,0
2016-01-12,1.62,1.73,1.61,1.68,2168100,0
2016-01-13,1.68,1.76,1.43,1.44,1853700,0
2016-01-14,1.42,1.5,1.4,1.44,1134100,0
2016-01-15,1.39,1.42,1.29,1.34,1191500,0
2016-01-19,1.41,1.41,1.15,1.16,1792300,0
2016-01-20,1.16,1.25,1.08,1.25,2474700,0
2016-01-21,1.24,1.46,1.23,1.27,1791900,0
2016-01-22,1.32,1.49,1.26,1.28,2330300,0
2016-01-25,1.29,1.43,1.27,1.29,1581400,0
2016-01-26,1.35,1.42,1.29,1.4,1824600,0
2016-01-27,1.38,1.45,1.22,1.26,2481200,0
2016-01-28,1.27,1.39,1.26,1.31,1582400,0
2016-01-29,1.34,1.6,1.27,1.5,2529900,0
2016-02-01,1.5,1.51,1.42,1.48,1368400,0
2016-02-02,1.44,1.44,1.33,1.36,907200,0
2016-02-03,1.36,1.52,1.32,1.44,1209900,0
2016-02-04,1.53,1.63,1.52,1.62,1785700,0
2016-02-05,1.58,1.65,1.52,1.6,1559500,0
2016-02-08,1.62,1.68,1.51,1.55,1709200,0
2016-02-09,1.56,1.56,1.4,1.47,919600,0
2016-02-10,1.93,1.95,1.5,1.5,2375200,0
2016-02-11,1.46,1.5,1.35,1.4,1411000,0
2016-02-12,1.43,1.48,1.41,1.45,740800,0
2016-02-16,1.46,1.58,1.41,1.47,995200,0
2016-02-17,1.47,1.63,1.47,1.62,1336800,0
2016-02-18,1.68,1.69,1.45,1.56,1107300,0
2016-02-19,1.51,1.63,1.49,1.56,1120100,0
2016-02-22,1.57,1.75,1.52,1.71,1478500,0
2016-02-23,1.71,1.73,1.54,1.54,757600,0
2016-02-24,1.5,1.55,1.39,1.49,1255900,0
2016-02-25,1.5,1.52,1.42,1.47,809500,0
2016-02-26,1.51,1.64,1.49,1.6,1403400,0
2016-02-29,1.58,1.72,1.58,1.7,1140200,0
2016-03-01,1.72,1.81,1.7,1.8,1172600,0
2016-03-02,1.81,1.92,1.74,1.91,1183300,0
2016-03-03,1.89,2.12,1.87,1.97,2003100,0
2016-03-04,1.96,2.08,1.9,1.95,2853500,0
2016-03-07,1.94,2.18,1.93,2.1,2318700,0
2016-03-08,2.09,2.1,1.94,2.01,1181200,0
2016-03-09,2.07,2.23,1.99,2.1,1486000,0
2016-03-10,2.1,2.15,1.99,2.08,1099200,0
2016-03-11,2.15,2.24,2.1,2.17,822700,0
2016-03-14,2.17,2.23,2.07,2.18,937900,0
2016-03-15,2.1,2.14,2.02,2.11,642300,0
2016-03-16,2.1,2.18,2.03,2.15,927200,0
2016-03-17,2.16,2.28,2.04,2.06,1470200,0
2016-03-18,2.1,2.22,2.04,2.18,3030200,0
2016-03-21,2.14,2.19,2.05,2.11,896700,0
2016-03-22,2.05,2.18,2.04,2.11,695800,0
2016-03-23,2.09,2.1,1.98,2.0,1075600,0
2016-03-24,1.95,2.09,1.91,2.02,798700,0
2016-03-28,2.02,2.05,1.91,1.97,1601700,0
2016-03-29,1.92,1.98,1.8,1.95,1148200,0
2016-03-30,1.96,2.08,1.95,1.96,824400,0
2016-03-31,1.97,2.0,1.92,1.95,819600,0
2016-04-01,1.89,1.94,1.85,1.91,718100,0
2016-04-04,1.95,1.99,1.81,1.88,1048200,0
2016-04-05,1.85,1.94,1.79,1.82,711300,0
2016-04-06,1.86,1.88,1.71,1.81,745500,0
2016-04-07,1.8,1.81,1.74,1.77,2603000,0
2016-04-08,1.79,1.87,1.75,1.84,1114000,0
2016-04-11,1.88,1.91,1.81,1.9,711700,0
2016-04-12,1.9,2.21,1.9,2.12,1520500,0
2016-04-13,2.12,2.2,2.1,2.13,1016600,0
2016-04-14,2.17,2.19,2.1,2.15,802700,0
2016-04-15,2.12,2.14,2.02,2.04,1168300,0
2016-04-18,1.95,2.11,1.94,2.11,1148300,0
2016-04-19,2.11,2.21,2.11,2.18,1065000,0
2016-04-20,2.18,2.56,2.18,2.33,2215500,0
2016-04-21,2.37,2.44,2.21,2.26,896100,0
2016-04-22,2.25,2.5,2.25,2.49,1079300,0
2016-04-25,2.47,2.5,2.26,2.34,857500,0
2016-04-26,2.38,2.57,2.26,2.56,1253500,0
2016-04-27,2.58,2.63,2.48,2.57,1105400,0
2016-04-28,2.57,2.73,2.49,2.5,1601800,0
2016-04-29,2.27,2.33,2.14,2.21,2637400,0
2016-05-02,2.18,2.26,2.15,2.26,1266600,0
2016-05-03,2.21,2.23,2.08,2.14,1481900,0
2016-05-04,2.18,2.26,2.01,2.1,1494900,0
2016-05-05,2.17,2.22,2.06,2.08,1220800,0
2016-05-06,2.05,2.17,2.05,2.13,1148200,0
2016-05-09,2.09,2.12,1.96,1.99,1617000,0
2016-05-10,1.99,2.04,1.94,2.01,1547000,0
2016-05-11,2.01,2.12,1.99,2.02,816000,0
2016-05-12,2.05,2.07,1.88,1.96,1159000,0
2016-05-13,1.93,2.01,1.86,1.87,910400,0
2016-05-16,1.9,1.96,1.89,1.92,950900,0
2016-05-17,1.91,1.96,1.89,1.93,861200,0
2016-05-18,1.91,1.92,1.77,1.84,741500,0
2016-05-19,1.82,1.92,1.78,1.87,633200,0
2016-05-20,1.88,1.93,1.81,1.92,478500,0
2016-05-23,1.87,1.9,1.78,1.81,703500,0
2016-05-24,1.83,1.87,1.76,1.84,368100,0
2016-05-25,1.86,1.89,1.79,1.79,648900,0
2016-05-26,1.8,1.84,1.67,1.72,940500,0
2016-05-27,1.71,1.72,1.64,1.68,734400,0
2016-05-31,1.67,1.96,1.67,1.96,1164700,0
2016-06-01,1.94,2.04,1.88,2.02,1085800,0
2016-06-02,2.02,2.1,1.95,2.08,902400,0
2016-06-03,2.07,2.22,2.07,2.14,1244800,0
2016-06-06,2.15,2.38,2.15,2.26,1136900,0
2016-06-07,2.28,2.31,2.15,2.18,829000,0
2016-06-08,2.2,2.27,2.03,2.11,1294000,0
2016-06-09,2.07,2.19,2.01,2.17,646200,0
2016-06-10,2.15,2.15,2.0,2.02,671000,0
2016-06-13,2.0,2.11,1.94,2.03,568700,0
2016-06-14,2.01,2.05,1.92,1.97,769400,0
2016-06-15,1.97,2.09,1.95,1.98,763000,0
2016-06-16,1.96,2.03,1.93,1.97,953300,0
2016-06-17,2.02,2.12,2.02,2.05,1259300,0
2016-06-20,2.12,2.13,2.04,2.07,696400,0
2016-06-21,2.07,2.08,1.99,2.03,834200,0
2016-06-22,2.04,2.07,1.94,1.98,756900,0
2016-06-23,2.02,2.1,1.96,2.1,1077300,0
2016-06-24,1.97,2.09,1.89,1.92,7410500,0
2016-06-27,1.81,1.97,1.81,1.87,1333800,0
2016-06-28,1.96,2.09,1.91,2.0,979600,0
2016-06-29,2.05,2.1,2.03,2.07,681900,0
2016-06-30,2.03,2.09,2.0,2.06,779900,0
2016-07-01,2.05,2.29,2.05,2.26,823400,0
2016-07-05,2.2,2.29,2.1,2.29,907000,0
2016-07-06,2.26,2.29,2.13,2.17,702400,0
2016-07-07,2.19,2.24,2.03,2.06,706400,0
2016-07-08,2.09,2.24,2.05,2.22,892800,0
2016-07-11,2.23,2.28,2.21,2.25,838800,0
2016-07-12,2.31,2.67,2.28,2.55,1540200,0
2016-07-13,2.53,2.6,2.4,2.59,935500,0
2016-07-14,2.64,2.67,2.55,2.6,729200,0
2016-07-15,2.65,2.76,2.55,2.75,808700,0
2016-07-18,2.72,2.8,2.66,2.7,841400,0
2016-07-19,2.69,2.72,2.53,2.61,797600,0
2016-07-20,2.58,2.66,2.49,2.57,896200,0
2016-07-21,2.57,2.61,2.47,2.53,1037100,0
2016-07-22,2.55,2.6,2.45,2.56,742400,0
2016-07-25,2.53,2.58,2.42,2.51,671400,0
2016-07-26,2.49,2.67,2.46,2.65,1296200,0
2016-07-27,2.66,2.76,2.53,2.7,1359400,0
2016-07-28,2.71,2.78,2.64,2.74,960300,0
2016-07-29,2.91,3.65,2.85,3.41,8408800,0
2016-08-01,3.39,3.49,3.16,3.38,2682600,0
2016-08-02,3.41,3.46,3.14,3.31,1483000,0
2016-08-03,3.31,3.56,3.16,3.55,1859400,0
2016-08-04,3.53,3.86,3.51,3.75,2459100,0
2016-08-05,3.79,3.89,3.48,3.49,1820600,0
2016-08-08,3.57,3.7,3.5,3.69,904100,0
2016-08-09,3.69,3.8,3.52,3.54,772000,0
2016-08-10,3.56,3.68,3.54,3.61,636000,0
2016-08-11,3.65,3.65,3.29,3.3,1245700,0
2016-08-12,3.3,3.45,3.22,3.37,1122600,0
2016-08-15,3.38,3.6,3.36,3.53,905900,0
2016-08-16,3.57,3.67,3.47,3.63,765900,0
2016-08-17,3.56,3.57,3.4,3.54,522800,0
2016-08-18,3.55,3.73,3.54,3.69,658400,0
2016-08-19,3.73,3.73,3.47,3.55,657600,0
2016-08-22,3.48,3.78,3.38,3.77,835700,0
2016-08-23,3.73,3.93,3.63,3.84,1325600,0
2016-08-24,3.83,3.94,3.65,3.71,915400,0
2016-08-25,3.68,3.83,3.66,3.83,550800,0
2016-08-26,3.85,3.98,3.77,3.83,926500,0
2016-08-29,3.8,4.28,3.75,4.19,2152000,0
2016-08-30,4.25,4.28,3.98,4.09,1109700,0
2016-08-31,4.06,4.15,4.01,4.13,1098400,0
2016-09-01,4.1,4.12,3.93,4.0,923600,0
2016-09-02,4.08,4.14,3.94,4.03,2762800,0
2016-09-06,4.15,4.18,4.0,4.13,942700,0
2016-09-07,4.14,4.24,3.88,3.92,1496700,0
2016-09-08,3.93,4.14,3.93,4.1,1124800,0
2016-09-09,4.05,4.13,4.0,4.04,791600,0
2016-09-12,3.99,4.09,3.79,3.91,1218500,0
2016-09-13,3.79,3.87,3.55,3.73,1307700,0
2016-09-14,3.68,3.84,3.66,3.67,810000,0
2016-09-15,3.73,3.77,3.48,3.56,1006700,0
2016-09-16,3.48,3.57,3.38,3.41,1788700,0
2016-09-19,3.44,3.62,3.43,3.58,1042600,0
2016-09-20,3.58,4.03,3.52,3.9,1546400,0
2016-09-21,3.92,4.75,3.92,4.57,4883800,0
2016-09-22,4.62,4.85,4.23,4.28,2442600,0
2016-09-23,4.31,4.56,4.26,4.5,1042300,0
2016-09-26,4.5,4.73,4.46,4.51,1301200,0
2016-09-27,4.48,4.56,4.17,4.3,1548000,0
2016-09-28,4.65,5.02,4.36,4.95,2129700,0
2016-09-29,5.02,5.25,4.83,5.06,2218800,0
2016-09-30,5.07,5.44,5.0,5.44,2702100,0
2016-10-03,5.45,5.57,5.37,5.46,1749400,0
2016-10-04,5.49,5.68,5.3,5.36,2115300,0
2016-10-05,5.58,5.85,5.31,5.36,2283800,0
2016-10-06,5.41,5.62,5.33,5.53,1412900,0
2016-10-07,5.57,5.63,5.38,5.56,1073800,0
2016-10-10,5.62,5.85,5.61,5.64,1123400,0
2016-10-11,5.69,5.7,5.4,5.57,864900,0
2016-10-12,5.57,5.68,5.49,5.54,992200,0
2016-10-13,5.55,5.7,5.31,5.55,1262600,0
2016-10-14,5.59,5.8,5.49,5.55,1603800,0
2016-10-17,5.63,5.85,5.58,5.75,1321000,0
2016-10-18,5.83,6.38,5.75,6.14,2874200,0
2016-10-19,6.15,6.37,6.01,6.2,1658900,0
2016-10-20,6.03,6.25,5.98,6.13,1858700,0
2016-10-21,6.12,6.15,5.81,5.89,1867000,0
2016-10-24,5.89,5.95,5.23,5.42,2860400,0
2016-10-25,5.42,5.78,5.42,5.48,2043200,0
2016-10-26,5.28,5.45,5.14,5.26,1760300,0
2016-10-27,5.27,5.35,5.1,5.33,1623300,0
2016-10-28,6.0,6.23,5.78,6.01,4294700,0
2016-10-31,6.0,6.18,5.88,6.16,2283900,0
2016-11-01,6.28,6.69,6.2,6.59,2556800,0
2016-11-02,6.56,6.67,6.31,6.62,2232700,0
2016-11-03,6.62,6.81,6.46,6.55,2382400,0
2016-11-04,6.49,6.68,6.14,6.59,2215900,0
2016-11-07,6.69,6.88,6.49,6.57,1659100,0
2016-11-08,6.51,6.8,6.45,6.59,1323700,0
2016-11-09,7.4,7.85,7.36,7.47,6220500,0
2016-11-10,7.9,8.04,6.96,7.59,4952200,0
2016-11-11,7.65,7.65,6.86,7.42,2960400,0
2016-11-14,7.45,7.73,7.33,7.37,2018200,0
2016-11-15,7.37,7.37,6.74,6.86,2200500,0
2016-11-16,6.81,6.92,6.48,6.65,1958000,0
2016-11-17,6.65,6.65,4.8,5.0,9445400,0
2016-11-18,5.06,5.93,5.06,5.79,7411500,0
2016-11-21,6.01,6.04,5.48,5.5,2695400,0
2016-11-22,5.62,5.76,5.5,5.57,2328700,0
2016-11-23,5.55,6.14,5.55,6.09,3732600,0
2016-11-25,6.05,6.06,5.69,5.85,1298900,0
2016-11-28,5.88,6.05,5.8,5.93,1643800,0
2016-11-29,5.76,5.76,5.3,5.59,1864900,0
2016-11-30,5.9,5.9,5.61,5.74,1184700,0
2016-12-01,5.9,6.09,5.76,6.02,1697200,0
2016-12-02,6.02,6.53,5.95,6.49,2106600,0
2016-12-05,6.58,6.65,6.21,6.38,2101800,0
2016-12-06,6.31,6.58,6.3,6.47,1283200,0
2016-12-07,6.47,6.61,6.41,6.5,1488400,0
2016-12-08,6.51,6.53,6.15,6.35,1162700,0
2016-12-09,6.33,6.39,6.09,6.38,1276400,0
2016-12-12,6.51,6.54,6.21,6.27,1306800,0
2016-12-13,6.39,6.39,5.95,6.02,1558400,0
2016-12-14,6.02,6.35,5.95,6.16,1740300,0
2016-12-15,6.05,6.07,5.73,5.92,1520500,0
2016-12-16,5.94,6.12,5.84,5.84,2092100,0
2016-12-19,5.84,5.95,5.73,5.81,1460800,0
2016-12-20,5.94,6.01,5.78,5.78,1402600,0
2016-12-21,5.84,6.12,5.77,5.86,1686000,0
2016-12-22,5.85,5.94,5.65,5.72,1550100,0
2016-12-23,5.68,5.98,5.66,5.97,1531900,0
2016-12-27,5.92,6.14,5.74,6.06,1802400,0
2016-12-28,6.1,6.2,5.87,5.96,1454800,0
2016-12-29,5.97,6.02,5.67,5.8,1509600,0
2016-12-30,5.74,5.87,5.57,5.61,1883100,0
2017-01-03,5.68,5.78,5.19,5.38,2250500,0
2017-01-04,5.39,5.62,5.38,5.62,1269400,0
2017-01-05,5.62,5.66,5.39,5.48,1076400,0
2017-01-06,5.5,5.56,5.3,5.3,917500,0
2017-01-09,5.3,5.3,5.01,5.02,1070900,0
2017-01-10,5.14,5.37,5.12,5.35,1480800,0
2017-01-11,5.41,5.65,5.31,5.63,1572500,0
2017-01-12,5.7,5.73,5.46,5.63,895100,0
2017-01-13,5.57,5.71,5.49,5.57,825900,0
2017-01-17,5.68,5.68,5.23,5.23,1064400,0
2017-01-18,5.18,5.24,5.02,5.22,1197600,0
2017-01-19,5.23,5.35,5.11,5.18,872800,0
2017-01-20,5.24,5.41,5.16,5.33,767800,0
2017-01-23,5.32,5.35,5.07,5.2,1152000,0
2017-01-24,5.26,5.66,5.23,5.57,1467200,0
2017-01-25,5.57,5.67,5.43,5.53,1382600,0
2017-01-26,5.5,5.83,5.41,5.81,1882900,0
2017-01-27,5.72,5.88,5.68,5.84,1142200,0
2017-01-30,5.98,6.08,5.65,5.91,2468100,0
2017-01-31,5.95,5.95,5.53,5.69,2127600,0
2017-02-01,5.71,5.85,5.37,5.46,1726500,0
2017-02-02,5.45,5.49,5.22,5.31,1558100,0
2017-02-03,5.37,5.56,5.33,5.41,1612400,0
2017-02-06,5.39,5.47,5.25,5.38,1066700,0
2017-02-07,5.35,5.82,5.32,5.68,1668200,0
2017-02-08,5.64,5.71,5.47,5.67,1362300,0
2017-02-09,5.7,5.77,5.54,5.59,1110900,0
2017-02-10,5.6,5.78,5.57,5.6,833300,0
2017-02-13,5.6,5.87,5.6,5.72,975900,0
2017-02-14,5.72,5.9,5.67,5.9,1082200,0
2017-02-15,5.89,5.91,5.65,5.66,1693500,0
2017-02-16,5.45,6.3,5.35,6.25,4047400,0
2017-02-17,6.24,6.24,5.8,5.82,2428400,0
2017-02-21,5.9,5.98,5.77,5.87,1731100,0
2017-02-22,5.82,5.82,5.58,5.68,1454300,0
2017-02-23,5.3,5.4,5.04,5.13,22986100,0
2017-02-24,5.11,5.2,5.04,5.11,3152800,0
2017-02-27,5.19,5.19,5.03,5.08,3489600,0
2017-02-28,5.08,5.13,4.87,4.99,1792900,0
2017-03-01,5.06,5.19,4.98,5.02,1526000,0
2017-03-02,5.04,5.09,4.78,4.81,1554300,0
2017-03-03,4.83,4.83,4.57,4.57,2186700,0
2017-03-06,4.53,4.56,4.42,4.45,1710400,0
2017-03-07,4.43,4.49,4.25,4.41,2244600,0
2017-03-08,4.39,4.39,3.96,4.01,3159100,0
2017-03-09,4.02,4.17,3.87,3.9,2552700,0
2017-03-10,3.92,3.99,3.84,3.9,1071000,0
2017-03-13,3.89,4.02,3.89,3.92,905100,0
2017-03-14,3.9,3.9,3.68,3.8,1495300,0
2017-03-15,3.85,4.06,3.79,4.03,1340400,0
2017-03-16,4.07,4.15,3.92,3.95,1561300,0
2017-03-17,3.99,4.05,3.88,3.94,2388900,0
2017-03-20,3.9,4.21,3.83,4.2,1507500,0
2017-03-21,4.21,4.22,3.97,3.98,1370800,0
2017-03-22,3.99,4.09,3.94,4.07,1145400,0
2017-03-23,4.17,4.29,4.08,4.22,2150800,0
2017-03-24,4.24,4.29,4.18,4.21,1435500,0
2017-03-27,4.14,4.34,4.08,4.3,1145100,0
2017-03-28,4.38,4.57,4.35,4.51,2021200,0
2017-03-29,4.67,4.68,4.48,4.62,1429800,0
2017-03-30,4.69,4.76,4.57,4.57,1371900,0
2017-03-31,4.55,4.62,4.44,4.58,1326200,0
2017-04-03,4.57,4.62,4.4,4.52,1070400,0
2017-04-04,4.52,4.7,4.51,4.62,1143100,0
2017-04-05,4.7,4.78,4.55,4.68,1056500,0
2017-04-06,4.73,4.83,4.67,4.78,963800,0
2017-04-07,4.78,4.82,4.71,4.77,798400,0
2017-04-10,4.81,4.9,4.78,4.86,833100,0
2017-04-11,4.89,4.94,4.78,4.79,935700,0
2017-04-12,4.74,4.81,4.47,4.48,967700,0
2017-04-13,4.5,4.58,4.31,4.34,930000,0
2017-04-17,4.36,4.48,4.17,4.2,1358800,0
2017-04-18,4.15,4.19,4.07,4.07,859200,0
2017-04-19,4.11,4.14,3.94,3.96,1000600,0
2017-04-20,3.98,4.08,3.97,4.05,993100,0
2017-04-21,4.03,4.07,3.86,3.89,1304100,0
2017-04-24,3.94,4.02,3.91,3.93,1588000,0
2017-04-25,3.94,3.99,3.88,3.92,1234700,0
2017-04-26,3.88,4.06,3.64,3.66,2446400,0
2017-04-27,3.57,3.66,3.37,3.53,3877800,0
2017-04-28,3.1,3.5,3.1,3.37,3000500,0
2017-05-01,3.43,3.68,3.33,3.52,1959300,0
2017-05-02,3.51,3.65,3.44,3.61,1721400,0
2017-05-03,3.59,3.6,3.42,3.55,1441900,0
2017-05-04,3.49,3.53,3.41,3.43,1396700,0
2017-05-05,3.43,3.62,3.4,3.55,1499000,0
2017-05-08,3.54,3.65,3.4,3.43,1578400,0
2017-05-09,3.44,3.45,3.33,3.39,1371800,0
2017-05-10,3.4,3.6,3.4,3.56,682400,0
2017-05-11,3.61,3.62,3.43,3.55,758900,0
2017-05-12,3.52,3.57,3.44,3.44,803100,0
2017-05-15,3.54,3.6,3.44,3.45,913700,0
2017-05-16,3.45,3.51,3.42,3.45,521800,0
2017-05-17,3.45,3.48,3.37,3.45,618700,0
2017-05-18,3.38,3.44,3.31,3.38,1221500,0
2017-05-19,3.43,3.52,3.43,3.49,622900,0
2017-05-22,3.45,3.6,3.45,3.53,671800,0
2017-05-23,3.54,3.58,3.46,3.53,894500,0
2017-05-24,3.51,3.65,3.5,3.58,728700,0
2017-05-25,3.57,3.65,3.47,3.5,995700,0
2017-05-26,3.51,3.54,3.46,3.47,1081200,0
2017-05-30,3.43,3.46,3.37,3.41,955800,0
2017-05-31,3.36,3.39,3.22,3.39,1011600,0
2017-06-01,3.4,3.4,3.24,3.35,1845800,0
2017-06-02,3.36,3.41,3.17,3.19,1144000,0
2017-06-05,3.2,3.29,3.14,3.22,764300,0
2017-06-06,3.23,3.29,3.12,3.25,701700,0
2017-06-07,3.22,3.27,3.07,3.27,1233600,0
2017-06-08,3.2,3.54,3.2,3.53,1057000,0
2017-06-09,3.6,3.6,3.33,3.4,1021800,0
2017-06-12,3.44,3.54,3.36,3.37,663300,0
2017-06-13,3.37,3.55,3.37,3.48,584600,0
2017-06-14,3.46,3.5,3.24,3.3,849800,0
2017-06-15,3.26,3.32,3.09,3.14,787600,0
2017-06-16,3.16,3.21,3.02,3.13,779000,0
2017-06-19,3.14,3.19,3.07,3.17,877100,0
2017-06-20,3.09,3.13,2.91,3.01,1130500,0
2017-06-21,3.0,3.22,2.97,3.17,1361000,0
2017-06-22,3.19,3.25,3.01,3.01,895200,0
2017-06-23,3.03,3.3,3.0,3.28,8093000,0
2017-06-26,3.27,3.6,3.17,3.53,1753000,0
2017-06-27,3.57,3.75,3.49,3.52,1248100,0
2017-06-28,3.56,3.71,3.55,3.64,1463100,0
2017-06-29,3.66,3.78,3.58,3.63,1157100,0
2017-06-30,3.66,3.66,3.5,3.53,929300,0
2017-07-03,3.54,3.65,3.54,3.59,356200,0
2017-07-05,3.58,3.74,3.44,3.71,1181000,0
2017-07-06,3.68,3.72,3.43,3.54,1134000,0
2017-07-07,3.51,3.54,3.41,3.53,738600,0
2017-07-10,3.54,3.89,3.52,3.86,1515600,0
2017-07-11,3.83,3.91,3.64,3.85,1364200,0
2017-07-12,3.88,3.95,3.72,3.77,1067400,0
2017-07-13,3.76,3.79,3.65,3.7,1069500,0
2017-07-14,3.7,3.83,3.66,3.72,641600,0
2017-07-17,3.73,3.83,3.69,3.7,418900,0
2017-07-18,3.69,3.71,3.56,3.59,736600,0
2017-07-19,3.65,3.65,3.51,3.54,931700,0
2017-07-20,3.55,3.64,3.5,3.64,813500,0
2017-07-21,3.65,3.65,3.5,3.52,684000,0
2017-07-24,3.53,3.56,3.51,3.51,717300,0
2017-07-25,3.54,3.64,3.54,3.6,1110500,0
2017-07-26,3.62,3.65,3.53,3.62,916200,0
2017-07-27,3.62,3.64,3.41,3.46,1546800,0
2017-07-28,3.5,3.52,3.05,3.35,1517800,0
2017-07-31,3.3,3.56,3.25,3.46,1105700,0
2017-08-01,3.45,3.5,3.36,3.36,811100,0
2017-08-02,3.34,3.43,3.29,3.38,791100,0
2017-08-03,3.38,3.39,3.15,3.16,818400,0
2017-08-04,3.16,3.3,3.15,3.23,629800,0
2017-08-07,3.22,3.25,3.12,3.17,787800,0
2017-08-08,3.15,3.28,3.11,3.14,1521100,0
2017-08-09,3.15,3.25,3.11,3.13,634800,0
2017-08-10,3.12,3.2,3.07,3.09,796000,0
2017-08-11,3.05,3.14,3.04,3.07,752300,0
2017-08-14,3.09,3.12,3.04,3.1,640700,0
2017-08-15,3.07,3.11,3.02,3.04,741900,0
2017-08-16,3.05,3.17,3.05,3.16,750400,0
2017-08-17,3.13,3.17,2.93,2.93,817100,0
2017-08-18,2.93,3.01,2.9,3.0,1144000,0
2017-08-21,3.01,3.02,2.86,2.87,661900,0
2017-08-22,2.89,2.94,2.78,2.87,1247900,0
2017-08-23,2.85,3.08,2.84,3.05,1048700,0
2017-08-24,3.05,3.05,2.98,3.01,480900,0
2017-08-25,3.05,3.24,3.0,3.21,1002500,0
2017-08-28,3.24,3.24,3.04,3.07,695600,0
2017-08-29,3.04,3.17,3.02,3.13,549200,0
2017-08-30,3.1,3.15,3.05,3.07,294300,0
2017-08-31,3.1,3.26,3.09,3.14,802100,0
2017-09-01,3.16,3.34,3.12,3.33,658800,0
2017-09-05,3.36,3.41,3.01,3.02,1090700,0
2017-09-06,3.07,3.21,3.05,3.17,788600,0
2017-09-07,3.12,3.22,3.11,3.19,403500,0
2017-09-08,3.16,3.24,3.06,3.1,467800,0
2017-09-11,3.12,3.15,3.06,3.08,443500,0
2017-09-12,3.09,3.25,3.09,3.17,476600,0
2017-09-13,3.15,3.4,3.15,3.36,683300,0
2017-09-14,3.36,3.36,3.24,3.31,338900,0
2017-09-15,3.32,3.36,3.19,3.32,1441500,0
2017-09-18,3.29,3.38,3.19,3.23,945100,0
2017-09-19,3.21,3.47,3.21,3.47,798100,0
2017-09-20,3.47,3.53,3.31,3.34,891100,0
2017-09-21,3.36,3.55,3.26,3.54,828000,0
2017-09-22,3.46,3.6,3.44,3.59,1357700,0
2017-09-25,3.58,3.66,3.52,3.55,898100,0
2017-09-26,3.53,3.66,3.53,3.66,647000,0
2017-09-27,3.61,3.69,3.55,3.64,814400,0
2017-09-28,3.64,3.66,3.57,3.61,530100,0
2017-09-29,3.62,3.69,3.59,3.66,483800,0
2017-10-02,3.65,3.81,3.63,3.81,524700,0
2017-10-03,3.81,3.85,3.71,3.85,564000,0
2017-10-04,3.86,3.89,3.76,3.82,584300,0
2017-10-05,3.85,3.89,3.76,3.79,646300,0
2017-10-06,3.75,3.75,3.61,3.66,512600,0
2017-10-09,3.65,3.83,3.65,3.73,531200,0
2017-10-10,3.81,3.81,3.66,3.67,635300,0
2017-10-11,3.69,3.71,3.54,3.6,833100,0
2017-10-12,3.54,3.77,3.54,3.6,660200,0
2017-10-13,3.65,3.74,3.62,3.66,397200,0
2017-10-16,3.67,3.76,3.65,3.72,534700,0
2017-10-17,3.74,4.4,3.74,4.33,3566000,0
2017-10-18,4.33,4.48,4.22,4.4,2070800,0
2017-10-19,4.36,4.56,4.05,4.52,1739600,0
2017-10-20,4.63,4.64,4.38,4.58,1675300,0
2017-10-23,4.59,4.62,4.33,4.4,1434400,0
2017-10-24,4.41,4.52,4.41,4.49,903300,0
2017-10-25,4.49,4.56,4.33,4.43,973500,0
2017-10-26,4.47,4.5,4.25,4.49,1374200,0
2017-10-27,4.42,4.42,4.01,4.22,1281000,0
2017-10-30,4.3,4.45,4.29,4.36,963500,0
2017-10-31,4.36,4.36,3.99,4.25,1714700,0
2017-11-01,4.36,4.42,4.21,4.3,1282200,0
2017-11-02,4.26,4.37,4.18,4.2,897200,0
2017-11-03,4.19,4.28,4.05,4.13,1068100,0
2017-11-06,4.16,4.33,4.16,4.26,900100,0
2017-11-07,4.29,4.29,4.03,4.16,1002400,0
2017-11-08,4.12,4.16,4.05,4.1,539100,0
2017-11-09,4.08,4.29,4.07,4.18,700800,0
2017-11-10,4.13,4.34,4.13,4.24,827600,0
2017-11-13,4.2,4.3,4.14,4.26,948400,0
2017-11-14,4.19,4.29,4.11,4.21,866000,0
2017-11-15,4.16,4.34,4.11,4.29,930100,0
2017-11-16,4.24,4.4,4.22,4.28,1133900,0
2017-11-17,4.29,4.35,4.18,4.3,814600,0
2017-11-20,4.11,4.23,4.0,4.19,1458800,0
2017-11-21,4.14,4.29,4.08,4.2,932300,0
2017-11-22,4.26,4.32,4.15,4.27,1361100,0
2017-11-24,4.3,4.36,4.25,4.27,1060900,0
2017-11-27,4.22,4.28,4.11,4.13,1720300,0
2017-11-28,4.14,4.22,4.11,4.17,1077600,0
2017-11-29,4.13,4.25,4.11,4.22,723000,0
2017-11-30,4.22,4.3,4.05,4.14,1447700,0
2017-12-01,4.18,4.38,4.11,4.14,2311500,0
2017-12-04,4.17,4.34,4.16,4.25,1549100,0
2017-12-05,4.24,4.27,4.18,4.19,845300,0
2017-12-06,4.17,4.22,4.09,4.21,522900,0
2017-12-07,4.17,4.29,4.12,4.23,1276700,0
2017-12-08,4.27,4.31,4.18,4.18,751300,0
2017-12-11,4.17,4.45,4.17,4.38,1918000,0
2017-12-12,4.38,4.45,4.32,4.33,1178500,0
2017-12-13,4.31,4.36,4.23,4.3,926800,0
2017-12-14,4.28,4.42,4.25,4.36,1152500,0
2017-12-15,4.37,4.4,4.24,4.26,2389300,0
2017-12-18,4.28,4.41,4.25,4.29,1403500,0
2017-12-19,4.29,4.41,4.28,4.3,921400,0
2017-12-20,4.36,4.4,4.33,4.34,755800,0
2017-12-21,4.4,4.63,4.38,4.5,2280100,0
2017-12-22,4.51,4.65,4.46,4.58,1267900,0
2017-12-26,4.63,4.63,4.45,4.53,1350700,0
2017-12-27,4.55,4.55,4.39,4.48,1126700,0
2017-12-28,4.5,4.54,4.44,4.45,595700,0
2017-12-29,4.49,4.55,4.44,4.45,1011300,0
2018-01-02,4.5,4.85,4.46,4.8,2031600,0
2018-01-03,4.85,4.89,4.72,4.86,1089600,0
2018-01-04,4.87,4.98,4.8,4.9,990800,0
2018-01-05,4.87,4.94,4.72,4.83,953700,0
2018-01-08,4.82,5.09,4.78,5.06,1730100,0
2018-01-09,5.07,5.22,5.02,5.16,1981800,0
2018-01-10,5.17,5.33,5.02,5.16,1427400,0
2018-01-11,5.17,5.51,5.17,5.5,1684200,0
2018-01-12,5.55,5.6,5.4,5.55,1474700,0
2018-01-16,5.58,5.6,5.26,5.31,1320000,0
2018-01-17,5.43,5.7,5.36,5.5,1210400,0
2018-01-18,5.45,5.45,5.09,5.15,1386600,0
2018-01-19,5.12,5.27,5.08,5.23,802400,0
2018-01-22,5.24,5.29,5.15,5.28,741900,0
2018-01-23,5.32,5.34,5.18,5.32,545000,0
2018-01-24,5.35,5.41,5.24,5.24,789100,0
2018-01-25,5.3,5.38,5.17,5.25,713600,0
2018-01-26,5.27,5.36,5.23,5.33,717300,0
2018-01-29,5.33,5.33,5.18,5.21,628700,0
2018-01-30,5.14,5.17,4.91,4.97,965300,0
2018-01-31,4.98,5.1,4.98,5.0,921700,0
2018-02-01,5.01,5.01,4.84,4.9,842800,0
2018-02-02,4.83,4.85,4.43,4.45,1513500,0
2018-02-05,4.41,4.61,4.34,4.37,1423900,0
2018-02-06,4.29,4.51,4.22,4.44,1388400,0
2018-02-07,4.45,4.47,4.2,4.21,834200,0
2018-02-08,4.21,4.27,3.99,4.04,1149800,0
2018-02-09,4.09,4.24,3.98,4.22,1688100,0
2018-02-12,4.23,4.4,4.0,4.36,1412000,0
2018-02-13,4.31,4.36,4.02,4.07,1140200,0
2018-02-14,4.03,4.25,4.03,4.2,1102700,0
2018-02-15,4.21,4.29,4.15,4.28,582300,0
2018-02-16,4.0,4.03,3.25,3.35,4454000,0
2018-02-20,3.34,3.37,3.12,3.17,2066800,0
2018-02-21,3.16,3.26,3.16,3.24,2247500,0
2018-02-22,3.24,3.33,3.22,3.27,1290200,0
2018-02-23,3.28,3.31,3.18,3.24,1080500,0
2018-02-26,3.28,3.3,3.21,3.29,563500,0
2018-02-27,3.29,3.33,3.29,3.3,1203300,0
2018-02-28,3.3,3.33,3.27,3.29,1489200,0
2018-03-01,3.3,3.38,3.28,3.3,1139100,0
2018-03-02,3.26,3.38,3.16,3.3,1071300,0
2018-03-05,3.3,3.4,3.26,3.35,721800,0
2018-03-06,3.38,3.51,3.37,3.45,576900,0
2018-03-07,3.42,3.56,3.4,3.48,745300,0
2018-03-08,3.48,3.5,3.28,3.3,729600,0
2018-03-09,3.34,3.36,3.25,3.26,524000,0
2018-03-12,3.27,3.41,3.26,3.38,825600,0
2018-03-13,3.4,3.44,3.31,3.32,541100,0
2018-03-14,3.37,3.41,3.29,3.3,745700,0
2018-03-15,3.3,3.42,3.3,3.39,1109200,0
2018-03-16,3.4,3.54,3.39,3.53,1824900,0
2018-03-19,3.5,3.59,3.47,3.52,1251000,0
2018-03-20,3.55,3.57,3.49,3.5,1005800,0
2018-03-21,3.52,3.61,3.45,3.5,577100,0
2018-03-22,3.47,3.55,3.37,3.38,741700,0
2018-03-23,3.38,3.39,3.22,3.23,684800,0
2018-03-26,3.29,3.48,3.23,3.45,685600,0
2018-03-27,3.48,3.48,3.11,3.14,769800,0
2018-03-28,3.12,3.38,3.12,3.21,1250700,0
2018-03-29,3.04,3.1,2.76,2.91,2713800,0
2018-04-02,2.9,3.17,2.9,3.15,1161500,0
2018-04-03,3.15,3.17,2.95,2.98,655200,0
2018-04-04,2.91,3.08,2.89,3.05,559300,0
2018-04-05,3.06,3.17,3.02,3.13,677700,0
2018-04-06,3.12,3.16,3.02,3.05,367000,0
2018-04-09,3.08,3.1,2.98,3.0,401400,0
2018-04-10,3.03,3.24,3.03,3.18,441600,0
2018-04-11,3.18,3.27,3.02,3.08,677200,0
2018-04-12,3.11,3.13,3.02,3.05,335800,0
2018-04-13,3.08,3.13,3.03,3.07,455100,0
2018-04-16,3.11,3.12,2.94,2.96,800900,0
2018-04-17,2.97,3.1,2.96,3.06,665500,0
2018-04-18,3.08,3.21,3.08,3.13,549800,0
2018-04-19,3.2,3.3,3.14,3.22,624300,0
2018-04-20,3.2,3.21,3.11,3.13,484900,0
2018-04-23,3.1,3.18,2.97,2.98,502000,0
2018-04-24,2.98,3.08,2.96,3.05,859600,0
2018-04-25,3.02,3.03,2.95,2.98,1049100,0
2018-04-26,3.0,3.03,2.95,2.97,1572700,0
2018-04-27,2.82,3.15,2.82,3.04,1169100,0
2018-04-30,3.05,3.35,3.04,3.19,856200,0
2018-05-01,3.15,3.25,3.07,3.2,651200,0
2018-05-02,3.19,3.39,3.15,3.2,671900,0
2018-05-03,3.2,3.3,3.15,3.27,513000,0
2018-05-04,3.27,3.37,3.23,3.26,379200,0
2018-05-07,3.28,3.42,3.27,3.31,512000,0
2018-05-08,3.29,3.34,3.13,3.19,396500,0
2018-05-09,3.21,3.34,3.21,3.29,573200,0
2018-05-10,3.3,3.37,3.19,3.21,492800,0
2018-05-11,3.24,3.28,3.16,3.18,330300,0
2018-05-14,3.21,3.31,3.21,3.25,396600,0
2018-05-15,3.25,3.32,3.21,3.22,660800,0
2018-05-16,3.23,3.27,3.13,3.14,827200,0
2018-05-17,3.16,3.19,3.08,3.09,707400,0
2018-05-18,3.11,3.15,3.03,3.05,626900,0
2018-05-21,3.05,3.15,3.02,3.14,288100,0
2018-05-22,3.13,3.3,3.12,3.19,591200,0
2018-05-23,3.16,3.21,3.13,3.16,355500,0
2018-05-24,3.14,3.21,3.14,3.16,261100,0
2018-05-25,3.12,3.17,3.09,3.16,358400,0
2018-05-29,3.12,3.28,3.12,3.28,487400,0
2018-05-30,3.29,4.1,3.28,4.0,3096200,0
2018-05-31,3.97,3.98,3.57,3.62,828000,0
2018-06-01,3.63,3.88,3.63,3.77,918200,0
2018-06-04,3.87,4.0,3.62,3.67,1075200,0
2018-06-05,3.68,3.73,3.48,3.49,1150800,0
2018-06-06,3.59,3.67,3.48,3.62,844900,0
2018-06-07,3.66,3.82,3.65,3.74,559200,0
2018-06-08,3.73,3.77,3.62,3.71,501700,0
2018-06-11,3.66,3.86,3.66,3.8,700700,0
2018-06-12,3.83,3.95,3.78,3.83,357600,0
2018-06-13,3.81,3.81,3.7,3.75,332100,0
2018-06-14,3.75,3.75,3.63,3.72,398500,0
2018-06-15,3.68,3.74,3.58,3.67,599500,0
2018-06-18,3.67,3.79,3.63,3.76,425900,0
2018-06-19,3.72,3.81,3.62,3.72,385300,0
2018-06-20,3.73,3.76,3.6,3.64,319000,0
2018-06-21,3.64,3.68,3.56,3.58,422100,0
2018-06-22,3.65,3.81,3.64,3.81,771700,0
2018-06-25,3.76,3.79,3.63,3.69,362800,0
2018-06-26,3.69,3.77,3.58,3.72,327200,0
2018-06-27,3.75,3.8,3.66,3.66,309600,0
2018-06-28,3.69,3.69,3.52,3.56,288900,0
2018-06-29,3.59,3.6,3.43,3.49,310300,0
2018-07-02,3.47,3.59,3.42,3.55,428000,0
2018-07-03,3.59,3.66,3.55,3.56,243700,0
2018-07-05,3.61,3.61,3.48,3.59,228800,0
2018-07-06,3.59,3.68,3.54,3.64,190100,0
2018-07-09,3.67,3.74,3.54,3.56,342300,0
2018-07-10,3.58,3.72,3.58,3.65,299500,0
2018-07-11,3.62,3.63,3.43,3.47,191200,0
2018-07-12,3.52,3.52,3.25,3.28,495200,0
2018-07-13,3.27,3.39,3.23,3.26,291500,0
2018-07-16,3.23,3.25,3.02,3.11,587100,0
2018-07-17,3.12,3.19,3.08,3.11,278300,0
2018-07-18,3.12,3.35,3.12,3.34,445000,0
2018-07-19,3.32,3.32,3.2,3.29,269200,0
2018-07-20,3.31,3.31,3.18,3.18,263100,0
2018-07-23,3.28,3.29,3.18,3.24,278400,0
2018-07-24,3.28,3.28,3.01,3.03,1186500,0
2018-07-25,3.0,3.02,2.79,2.9,1425900,0
2018-07-26,2.9,3.03,2.9,2.99,783600,0
2018-07-27,2.9,2.92,2.68,2.71,1523200,0
2018-07-30,2.71,2.74,2.53,2.71,974800,0
2018-07-31,2.7,2.7,2.54,2.61,904600,0
2018-08-01,2.6,2.64,2.55,2.56,572700,0
2018-08-02,2.56,2.7,2.53,2.68,677300,0
2018-08-03,2.71,2.73,2.55,2.63,578500,0
2018-08-06,2.62,2.67,2.56,2.57,322500,0
2018-08-07,2.62,2.72,2.55,2.69,614100,0
2018-08-08,2.7,2.7,2.57,2.61,287800,0
2018-08-09,2.6,2.63,2.6,2.61,380000,0
2018-08-10,2.61,2.65,2.56,2.62,416600,0
2018-08-13,2.61,2.65,2.5,2.5,648500,0
2018-08-14,2.54,2.54,2.34,2.36,674100,0
2018-08-15,2.32,2.39,2.22,2.26,555800,0
2018-08-16,2.27,2.33,2.25,2.27,469700,0
2018-08-17,2.27,2.42,2.27,2.37,385100,0
2018-08-20,2.55,2.67,2.37,2.45,765800,0
2018-08-21,2.45,2.55,2.45,2.49,440600,0
2018-08-22,2.49,2.58,2.49,2.51,690200,0
2018-08-23,2.5,2.52,2.45,2.45,300700,0
2018-08-24,2.46,2.55,2.45,2.47,519500,0
2018-08-27,2.48,2.52,2.44,2.48,564200,0
2018-08-28,2.48,2.51,2.44,2.49,285300,0
2018-08-29,2.49,2.55,2.48,2.52,253800,0
2018-08-30,2.53,2.53,2.28,2.32,539700,0
2018-08-31,2.32,2.37,2.25,2.36,450700,0
2018-09-04,2.37,2.39,2.29,2.33,316600,0
2018-09-05,2.31,2.36,2.29,2.34,275200,0
2018-09-06,2.35,2.38,2.29,2.3,241900,0
2018-09-07,2.29,2.34,2.29,2.3,246600,0
2018-09-10,2.32,2.34,2.29,2.29,220300,0
2018-09-11,2.29,2.31,2.24,2.28,231000,0
2018-09-12,2.29,2.32,2.23,2.24,325000,0
2018-09-13,2.25,2.27,2.17,2.19,318700,0
2018-09-14,2.18,2.22,2.16,2.17,473000,0
2018-09-17,2.19,2.23,2.14,2.18,557200,0
2018-09-18,2.21,2.39,2.2,2.36,597100,0
2018-09-19,2.37,2.44,2.35,2.42,774100,0
2018-09-20,2.41,2.47,2.4,2.46,553600,0
2018-09-21,2.46,2.49,2.39,2.41,1074700,0
2018-09-24,2.41,2.49,2.38,2.47,249200,0
2018-09-25,2.47,2.6,2.44,2.54,393200,0
2018-09-26,2.53,2.53,2.41,2.44,207200,0
2018-09-27,2.45,2.45,2.35,2.38,167800,0
2018-09-28,2.37,2.39,2.29,2.3,483800,0
2018-10-01,2.31,2.39,2.27,2.36,555600,0
